-- phpMyAdmin SQL Dump
-- version 5.2.1
-- https://www.phpmyadmin.net/
--
-- Host: 127.0.0.1
-- Generation Time: Nov 17, 2024 at 12:11 PM
-- Server version: 10.4.32-MariaDB
-- PHP Version: 8.2.12

SET SQL_MODE = "NO_AUTO_VALUE_ON_ZERO";
START TRANSACTION;
SET time_zone = "+00:00";


/*!40101 SET @OLD_CHARACTER_SET_CLIENT=@@CHARACTER_SET_CLIENT */;
/*!40101 SET @OLD_CHARACTER_SET_RESULTS=@@CHARACTER_SET_RESULTS */;
/*!40101 SET @OLD_COLLATION_CONNECTION=@@COLLATION_CONNECTION */;
/*!40101 SET NAMES utf8mb4 */;

--
-- Database: `onlinebusregistration`
--

-- --------------------------------------------------------

--
-- Table structure for table `admin`
--

CREATE TABLE `admin` (
  `ADMIN_NUM` varchar(20) NOT NULL,
  `INITIAL_AND_SURNAME` text NOT NULL,
  `PASSWORD` text NOT NULL,
  `EMAIL` text NOT NULL
) ENGINE=InnoDB DEFAULT CHARSET=utf8mb4 COLLATE=utf8mb4_general_ci;

--
-- Dumping data for table `admin`
--

INSERT INTO `admin` (`ADMIN_NUM`, `INITIAL_AND_SURNAME`, `PASSWORD`, `EMAIL`) VALUES
('AA-8462', 'L Jongilanga', 'LJongilanga@123', 'lwando.jay@gmail.com');

-- --------------------------------------------------------

--
-- Table structure for table `afternoon_dropoff`
--

CREATE TABLE `afternoon_dropoff` (
  `Date` date DEFAULT NULL,
  `route` int(1) DEFAULT NULL,
  `Learner_Num` varchar(10) DEFAULT NULL,
  `name` varchar(11) DEFAULT NULL
) ENGINE=InnoDB DEFAULT CHARSET=utf8 COLLATE=utf8_general_ci;

--
-- Dumping data for table `afternoon_dropoff`
--

INSERT INTO `afternoon_dropoff` (`Date`, `route`, `Learner_Num`, `name`) VALUES
('2025-02-06', 1, 'LN-2024001', 'Thabo'),
('2025-02-06', 1, 'LN-2024003', 'Siyanda'),
('2025-02-06', 1, 'LN-2024004', 'Lerato'),
('2025-02-06', 1, 'LN-2024005', 'Bongani'),
('2025-02-06', 1, 'LN-2024006', 'Sipho'),
('2025-02-06', 1, 'LN-2024007', 'Kgothatso'),
('2025-02-06', 1, 'LN-2024008', 'Mandla'),
('2025-02-06', 1, 'LN-2024009', 'Nokuthula'),
('2025-02-06', 1, 'LN-2024010', 'Lwazi'),
('2025-02-06', 1, 'LN-2024011', 'Aisha'),
('2025-02-06', 1, 'LN-2024012', 'Thandeka'),
('2025-02-06', 1, 'LN-2024013', 'Jabulani'),
('2025-02-06', 1, 'LN-2024014', 'Onke'),
('2025-02-06', 1, 'LN-2024015', 'Itumeleng'),
('2025-02-06', 1, 'LN-2024017', 'Nosipho'),
('2025-02-06', 1, 'LN-2024018', 'Sizwe'),
('2025-02-06', 1, 'LN-2024019', 'Nontokozo'),
('2025-02-06', 1, 'LN-2024020', 'Nokwanda'),
('2025-02-06', 1, 'LN-2024021', 'Xolani'),
('2025-02-06', 1, 'LN-2024022', 'Ayabonga'),
('2025-02-06', 1, 'LN-2024023', 'Zanele'),
('2025-02-06', 1, 'LN-2024024', 'Sanele'),
('2025-02-06', 1, 'LN-2024025', 'Thabang'),
('2025-02-06', 1, 'LN-2024027', 'Khanyisile'),
('2025-02-06', 1, 'LN-2024028', 'Simphiwe'),
('2025-02-06', 1, 'LN-2024029', 'Khulani'),
('2025-02-06', 2, 'LN-2024030', 'Nomvula'),
('2025-02-06', 2, 'LN-2024031', 'Anele'),
('2025-02-06', 2, 'LN-2024032', 'Thokozani'),
('2025-02-06', 2, 'LN-2024033', 'Ongeziwe'),
('2025-02-06', 2, 'LN-2024034', 'Lonwabo'),
('2025-02-06', 2, 'LN-2024035', 'Luthando'),
('2025-02-06', 2, 'LN-2024036', 'Bandile'),
('2025-02-06', 2, 'LN-2024037', 'Thando'),
('2025-02-06', 3, 'LN-2024038', 'Nompumelelo'),
('2025-02-06', 3, 'LN-2024039', 'Siphesihle'),
('2025-02-06', 3, 'LN-2024041', 'Lungelo'),
('2025-02-06', 3, 'LN-2024042', 'Ayize'),
('2025-02-06', 3, 'LN-2024043', 'Kabelo'),
('2025-02-06', 3, 'LN-2024044', 'Ayakha'),
('2025-02-06', 3, 'LN-2024045', 'Siyabulela'),
('2025-02-06', 3, 'LN-2024046', 'Sibusiso'),
('2025-02-06', 3, 'LN-2024047', 'Nondumiso'),
('2025-02-06', 3, 'LN-2024048', 'Amahle'),
('2025-02-06', 3, 'LN-2024049', 'Themba'),
('2025-02-06', 3, 'LN-2024050', 'Ntombizodwa'),
('2025-02-06', 3, 'LN-2024051', 'Mpho'),
('2025-02-06', 3, 'LN-2024052', 'Vuyokazi'),
('2025-02-07', 1, 'LN-2024001', 'Thabo'),
('2025-02-07', 1, 'LN-2024002', 'Nomthandazo'),
('2025-02-07', 1, 'LN-2024003', 'Siyanda'),
('2025-02-07', 1, 'LN-2024004', 'Lerato'),
('2025-02-07', 1, 'LN-2024005', 'Bongani'),
('2025-02-07', 1, 'LN-2024007', 'Kgothatso'),
('2025-02-07', 1, 'LN-2024008', 'Mandla'),
('2025-02-07', 1, 'LN-2024009', 'Nokuthula'),
('2025-02-07', 1, 'LN-2024010', 'Lwazi'),
('2025-02-07', 1, 'LN-2024011', 'Aisha'),
('2025-02-07', 1, 'LN-2024013', 'Jabulani'),
('2025-02-07', 1, 'LN-2024014', 'Onke'),
('2025-02-07', 1, 'LN-2024015', 'Itumeleng'),
('2025-02-07', 1, 'LN-2024016', 'Ayanda'),
('2025-02-07', 1, 'LN-2024017', 'Nosipho'),
('2025-02-07', 1, 'LN-2024018', 'Sizwe'),
('2025-02-07', 1, 'LN-2024019', 'Nontokozo'),
('2025-02-07', 1, 'LN-2024020', 'Nokwanda'),
('2025-02-07', 1, 'LN-2024021', 'Xolani'),
('2025-02-07', 1, 'LN-2024022', 'Ayabonga'),
('2025-02-07', 1, 'LN-2024024', 'Sanele'),
('2025-02-07', 1, 'LN-2024025', 'Thabang'),
('2025-02-07', 1, 'LN-2024026', 'Asanda'),
('2025-02-07', 1, 'LN-2024027', 'Khanyisile'),
('2025-02-07', 1, 'LN-2024028', 'Simphiwe'),
('2025-02-07', 1, 'LN-2024029', 'Khulani'),
('2025-02-07', 2, 'LN-2024030', 'Nomvula'),
('2025-02-07', 2, 'LN-2024031', 'Anele'),
('2025-02-07', 2, 'LN-2024032', 'Thokozani'),
('2025-02-07', 2, 'LN-2024033', 'Ongeziwe'),
('2025-02-07', 2, 'LN-2024034', 'Lonwabo'),
('2025-02-07', 2, 'LN-2024035', 'Luthando'),
('2025-02-07', 2, 'LN-2024036', 'Bandile'),
('2025-02-07', 2, 'LN-2024037', 'Thando'),
('2025-02-07', 3, 'LN-2024039', 'Siphesihle'),
('2025-02-07', 3, 'LN-2024040', 'Sizakele'),
('2025-02-07', 3, 'LN-2024041', 'Lungelo'),
('2025-02-07', 3, 'LN-2024042', 'Ayize'),
('2025-02-07', 3, 'LN-2024043', 'Kabelo'),
('2025-02-07', 3, 'LN-2024044', 'Ayakha'),
('2025-02-07', 3, 'LN-2024045', 'Siyabulela'),
('2025-02-07', 3, 'LN-2024046', 'Sibusiso'),
('2025-02-07', 3, 'LN-2024047', 'Nondumiso'),
('2025-02-07', 3, 'LN-2024048', 'Amahle'),
('2025-02-07', 3, 'LN-2024049', 'Themba'),
('2025-02-07', 3, 'LN-2024050', 'Ntombizodwa'),
('2025-02-07', 3, 'LN-2024051', 'Mpho'),
('2025-02-07', 3, 'LN-2024052', 'Vuyokazi'),
('2025-02-10', 1, 'LN-2024001', 'Thabo'),
('2025-02-10', 1, 'LN-2024002', 'Nomthandazo'),
('2025-02-10', 1, 'LN-2024003', 'Siyanda'),
('2025-02-10', 1, 'LN-2024005', 'Bongani'),
('2025-02-10', 1, 'LN-2024006', 'Sipho'),
('2025-02-10', 1, 'LN-2024007', 'Kgothatso'),
('2025-02-10', 1, 'LN-2024008', 'Mandla'),
('2025-02-10', 1, 'LN-2024009', 'Nokuthula'),
('2025-02-10', 1, 'LN-2024010', 'Lwazi'),
('2025-02-10', 1, 'LN-2024011', 'Aisha'),
('2025-02-10', 1, 'LN-2024012', 'Thandeka'),
('2025-02-10', 1, 'LN-2024014', 'Onke'),
('2025-02-10', 1, 'LN-2024015', 'Itumeleng'),
('2025-02-10', 1, 'LN-2024016', 'Ayanda'),
('2025-02-10', 1, 'LN-2024017', 'Nosipho'),
('2025-02-10', 1, 'LN-2024018', 'Sizwe'),
('2025-02-10', 1, 'LN-2024019', 'Nontokozo'),
('2025-02-10', 1, 'LN-2024020', 'Nokwanda'),
('2025-02-10', 1, 'LN-2024021', 'Xolani'),
('2025-02-10', 1, 'LN-2024022', 'Ayabonga'),
('2025-02-10', 1, 'LN-2024024', 'Sanele'),
('2025-02-10', 1, 'LN-2024025', 'Thabang'),
('2025-02-10', 1, 'LN-2024026', 'Asanda'),
('2025-02-10', 1, 'LN-2024027', 'Khanyisile'),
('2025-02-10', 1, 'LN-2024028', 'Simphiwe'),
('2025-02-10', 1, 'LN-2024029', 'Khulani'),
('2025-02-10', 2, 'LN-2024030', 'Nomvula'),
('2025-02-10', 2, 'LN-2024031', 'Anele'),
('2025-02-10', 2, 'LN-2024032', 'Thokozani'),
('2025-02-10', 2, 'LN-2024033', 'Ongeziwe'),
('2025-02-10', 2, 'LN-2024034', 'Lonwabo'),
('2025-02-10', 2, 'LN-2024035', 'Luthando'),
('2025-02-10', 2, 'LN-2024036', 'Bandile'),
('2025-02-10', 2, 'LN-2024037', 'Thando'),
('2025-02-10', 3, 'LN-2024038', 'Nompumelelo'),
('2025-02-10', 3, 'LN-2024039', 'Siphesihle'),
('2025-02-10', 3, 'LN-2024040', 'Sizakele'),
('2025-02-10', 3, 'LN-2024041', 'Lungelo'),
('2025-02-10', 3, 'LN-2024042', 'Ayize'),
('2025-02-10', 3, 'LN-2024043', 'Kabelo'),
('2025-02-10', 3, 'LN-2024044', 'Ayakha'),
('2025-02-10', 3, 'LN-2024045', 'Siyabulela'),
('2025-02-10', 3, 'LN-2024046', 'Sibusiso'),
('2025-02-10', 3, 'LN-2024047', 'Nondumiso'),
('2025-02-10', 3, 'LN-2024048', 'Amahle'),
('2025-02-10', 3, 'LN-2024049', 'Themba'),
('2025-02-10', 3, 'LN-2024050', 'Ntombizodwa'),
('2025-02-10', 3, 'LN-2024052', 'Vuyokazi'),
('2025-02-11', 1, 'LN-2024001', 'Thabo'),
('2025-02-11', 1, 'LN-2024002', 'Nomthandazo'),
('2025-02-11', 1, 'LN-2024003', 'Siyanda'),
('2025-02-11', 1, 'LN-2024004', 'Lerato'),
('2025-02-11', 1, 'LN-2024005', 'Bongani'),
('2025-02-11', 1, 'LN-2024006', 'Sipho'),
('2025-02-11', 1, 'LN-2024007', 'Kgothatso'),
('2025-02-11', 1, 'LN-2024008', 'Mandla'),
('2025-02-11', 1, 'LN-2024009', 'Nokuthula'),
('2025-02-11', 1, 'LN-2024010', 'Lwazi'),
('2025-02-11', 1, 'LN-2024011', 'Aisha'),
('2025-02-11', 1, 'LN-2024012', 'Thandeka'),
('2025-02-11', 1, 'LN-2024013', 'Jabulani'),
('2025-02-11', 1, 'LN-2024014', 'Onke'),
('2025-02-11', 1, 'LN-2024016', 'Ayanda'),
('2025-02-11', 1, 'LN-2024017', 'Nosipho'),
('2025-02-11', 1, 'LN-2024018', 'Sizwe'),
('2025-02-11', 1, 'LN-2024019', 'Nontokozo'),
('2025-02-11', 1, 'LN-2024020', 'Nokwanda'),
('2025-02-11', 1, 'LN-2024021', 'Xolani'),
('2025-02-11', 1, 'LN-2024022', 'Ayabonga'),
('2025-02-11', 1, 'LN-2024023', 'Zanele'),
('2025-02-11', 1, 'LN-2024024', 'Sanele'),
('2025-02-11', 1, 'LN-2024025', 'Thabang'),
('2025-02-11', 1, 'LN-2024026', 'Asanda'),
('2025-02-11', 1, 'LN-2024028', 'Simphiwe'),
('2025-02-11', 1, 'LN-2024029', 'Khulani'),
('2025-02-11', 2, 'LN-2024030', 'Nomvula'),
('2025-02-11', 2, 'LN-2024031', 'Anele'),
('2025-02-11', 2, 'LN-2024032', 'Thokozani'),
('2025-02-11', 2, 'LN-2024033', 'Ongeziwe'),
('2025-02-11', 2, 'LN-2024034', 'Lonwabo'),
('2025-02-11', 2, 'LN-2024035', 'Luthando'),
('2025-02-11', 2, 'LN-2024036', 'Bandile'),
('2025-02-11', 2, 'LN-2024037', 'Thando'),
('2025-02-11', 3, 'LN-2024038', 'Nompumelelo'),
('2025-02-11', 3, 'LN-2024039', 'Siphesihle'),
('2025-02-11', 3, 'LN-2024040', 'Sizakele'),
('2025-02-11', 3, 'LN-2024041', 'Lungelo'),
('2025-02-11', 3, 'LN-2024042', 'Ayize'),
('2025-02-11', 3, 'LN-2024043', 'Kabelo'),
('2025-02-11', 3, 'LN-2024044', 'Ayakha'),
('2025-02-11', 3, 'LN-2024046', 'Sibusiso'),
('2025-02-11', 3, 'LN-2024047', 'Nondumiso'),
('2025-02-11', 3, 'LN-2024048', 'Amahle'),
('2025-02-11', 3, 'LN-2024049', 'Themba'),
('2025-02-11', 3, 'LN-2024050', 'Ntombizodwa'),
('2025-02-11', 3, 'LN-2024051', 'Mpho'),
('2025-02-12', 1, 'LN-2024001', 'Thabo'),
('2025-02-12', 1, 'LN-2024002', 'Nomthandazo'),
('2025-02-12', 1, 'LN-2024003', 'Siyanda'),
('2025-02-12', 1, 'LN-2024004', 'Lerato'),
('2025-02-12', 1, 'LN-2024005', 'Bongani'),
('2025-02-12', 1, 'LN-2024006', 'Sipho'),
('2025-02-12', 1, 'LN-2024007', 'Kgothatso'),
('2025-02-12', 1, 'LN-2024008', 'Mandla'),
('2025-02-12', 1, 'LN-2024009', 'Nokuthula'),
('2025-02-12', 1, 'LN-2024010', 'Lwazi'),
('2025-02-12', 1, 'LN-2024011', 'Aisha'),
('2025-02-12', 1, 'LN-2024012', 'Thandeka'),
('2025-02-12', 1, 'LN-2024013', 'Jabulani'),
('2025-02-12', 1, 'LN-2024015', 'Itumeleng'),
('2025-02-12', 1, 'LN-2024016', 'Ayanda'),
('2025-02-12', 1, 'LN-2024017', 'Nosipho'),
('2025-02-12', 1, 'LN-2024018', 'Sizwe'),
('2025-02-12', 1, 'LN-2024019', 'Nontokozo'),
('2025-02-12', 1, 'LN-2024021', 'Xolani'),
('2025-02-12', 1, 'LN-2024022', 'Ayabonga'),
('2025-02-12', 1, 'LN-2024023', 'Zanele'),
('2025-02-12', 1, 'LN-2024024', 'Sanele'),
('2025-02-12', 1, 'LN-2024025', 'Thabang'),
('2025-02-12', 1, 'LN-2024026', 'Asanda'),
('2025-02-12', 1, 'LN-2024028', 'Simphiwe'),
('2025-02-12', 1, 'LN-2024029', 'Khulani'),
('2025-02-12', 2, 'LN-2024030', 'Nomvula'),
('2025-02-12', 2, 'LN-2024031', 'Anele'),
('2025-02-12', 2, 'LN-2024032', 'Thokozani'),
('2025-02-12', 2, 'LN-2024033', 'Ongeziwe'),
('2025-02-12', 2, 'LN-2024034', 'Lonwabo'),
('2025-02-12', 2, 'LN-2024035', 'Luthando'),
('2025-02-12', 2, 'LN-2024036', 'Bandile'),
('2025-02-12', 2, 'LN-2024037', 'Thando'),
('2025-02-12', 3, 'LN-2024038', 'Nompumelelo'),
('2025-02-12', 3, 'LN-2024039', 'Siphesihle'),
('2025-02-12', 3, 'LN-2024040', 'Sizakele'),
('2025-02-12', 3, 'LN-2024041', 'Lungelo'),
('2025-02-12', 3, 'LN-2024042', 'Ayize'),
('2025-02-12', 3, 'LN-2024043', 'Kabelo'),
('2025-02-12', 3, 'LN-2024044', 'Ayakha'),
('2025-02-12', 3, 'LN-2024045', 'Siyabulela'),
('2025-02-12', 3, 'LN-2024046', 'Sibusiso'),
('2025-02-12', 3, 'LN-2024047', 'Nondumiso'),
('2025-02-12', 3, 'LN-2024048', 'Amahle'),
('2025-02-12', 3, 'LN-2024049', 'Themba'),
('2025-02-12', 3, 'LN-2024051', 'Mpho'),
('2025-02-12', 3, 'LN-2024052', 'Vuyokazi'),
('2025-02-13', 1, 'LN-2024001', 'Thabo'),
('2025-02-13', 1, 'LN-2024002', 'Nomthandazo'),
('2025-02-13', 1, 'LN-2024003', 'Siyanda'),
('2025-02-13', 1, 'LN-2024004', 'Lerato'),
('2025-02-13', 1, 'LN-2024005', 'Bongani'),
('2025-02-13', 1, 'LN-2024007', 'Kgothatso'),
('2025-02-13', 1, 'LN-2024008', 'Mandla'),
('2025-02-13', 1, 'LN-2024009', 'Nokuthula'),
('2025-02-13', 1, 'LN-2024010', 'Lwazi'),
('2025-02-13', 1, 'LN-2024011', 'Aisha'),
('2025-02-13', 1, 'LN-2024012', 'Thandeka'),
('2025-02-13', 1, 'LN-2024013', 'Jabulani'),
('2025-02-13', 1, 'LN-2024014', 'Onke'),
('2025-02-13', 1, 'LN-2024015', 'Itumeleng'),
('2025-02-13', 1, 'LN-2024016', 'Ayanda'),
('2025-02-13', 1, 'LN-2024017', 'Nosipho'),
('2025-02-13', 1, 'LN-2024018', 'Sizwe'),
('2025-02-13', 1, 'LN-2024020', 'Nokwanda'),
('2025-02-13', 1, 'LN-2024021', 'Xolani'),
('2025-02-13', 1, 'LN-2024022', 'Ayabonga'),
('2025-02-13', 1, 'LN-2024023', 'Zanele'),
('2025-02-13', 1, 'LN-2024024', 'Sanele'),
('2025-02-13', 1, 'LN-2024025', 'Thabang'),
('2025-02-13', 1, 'LN-2024027', 'Khanyisile'),
('2025-02-13', 1, 'LN-2024028', 'Simphiwe'),
('2025-02-13', 1, 'LN-2024029', 'Khulani'),
('2025-02-13', 2, 'LN-2024030', 'Nomvula'),
('2025-02-13', 2, 'LN-2024031', 'Anele'),
('2025-02-13', 2, 'LN-2024032', 'Thokozani'),
('2025-02-13', 2, 'LN-2024033', 'Ongeziwe'),
('2025-02-13', 2, 'LN-2024034', 'Lonwabo'),
('2025-02-13', 2, 'LN-2024035', 'Luthando'),
('2025-02-13', 2, 'LN-2024036', 'Bandile'),
('2025-02-13', 2, 'LN-2024037', 'Thando'),
('2025-02-13', 3, 'LN-2024038', 'Nompumelelo'),
('2025-02-13', 3, 'LN-2024039', 'Siphesihle'),
('2025-02-13', 3, 'LN-2024040', 'Sizakele'),
('2025-02-13', 3, 'LN-2024042', 'Ayize'),
('2025-02-13', 3, 'LN-2024043', 'Kabelo'),
('2025-02-13', 3, 'LN-2024044', 'Ayakha'),
('2025-02-13', 3, 'LN-2024045', 'Siyabulela'),
('2025-02-13', 3, 'LN-2024046', 'Sibusiso'),
('2025-02-13', 3, 'LN-2024047', 'Nondumiso'),
('2025-02-13', 3, 'LN-2024048', 'Amahle'),
('2025-02-13', 3, 'LN-2024049', 'Themba'),
('2025-02-13', 3, 'LN-2024050', 'Ntombizodwa'),
('2025-02-13', 3, 'LN-2024051', 'Mpho'),
('2025-02-13', 3, 'LN-2024052', 'Vuyokazi'),
('2025-02-14', 1, 'LN-2024001', 'Thabo'),
('2025-02-14', 1, 'LN-2024002', 'Nomthandazo'),
('2025-02-14', 1, 'LN-2024003', 'Siyanda'),
('2025-02-14', 1, 'LN-2024005', 'Bongani'),
('2025-02-14', 1, 'LN-2024006', 'Sipho'),
('2025-02-14', 1, 'LN-2024007', 'Kgothatso'),
('2025-02-14', 1, 'LN-2024008', 'Mandla'),
('2025-02-14', 1, 'LN-2024009', 'Nokuthula'),
('2025-02-14', 1, 'LN-2024010', 'Lwazi'),
('2025-02-14', 1, 'LN-2024011', 'Aisha'),
('2025-02-14', 1, 'LN-2024012', 'Thandeka'),
('2025-02-14', 1, 'LN-2024013', 'Jabulani'),
('2025-02-14', 1, 'LN-2024014', 'Onke'),
('2025-02-14', 1, 'LN-2024015', 'Itumeleng'),
('2025-02-14', 1, 'LN-2024016', 'Ayanda'),
('2025-02-14', 1, 'LN-2024017', 'Nosipho'),
('2025-02-14', 1, 'LN-2024018', 'Sizwe'),
('2025-02-14', 1, 'LN-2024019', 'Nontokozo'),
('2025-02-14', 1, 'LN-2024020', 'Nokwanda'),
('2025-02-14', 1, 'LN-2024021', 'Xolani'),
('2025-02-14', 1, 'LN-2024022', 'Ayabonga'),
('2025-02-14', 1, 'LN-2024023', 'Zanele'),
('2025-02-14', 1, 'LN-2024024', 'Sanele'),
('2025-02-14', 1, 'LN-2024025', 'Thabang'),
('2025-02-14', 1, 'LN-2024026', 'Asanda'),
('2025-02-14', 1, 'LN-2024027', 'Khanyisile'),
('2025-02-14', 1, 'LN-2024028', 'Simphiwe'),
('2025-02-14', 1, 'LN-2024029', 'Khulani'),
('2025-02-14', 2, 'LN-2024030', 'Nomvula'),
('2025-02-14', 2, 'LN-2024031', 'Anele'),
('2025-02-14', 2, 'LN-2024032', 'Thokozani'),
('2025-02-14', 2, 'LN-2024033', 'Ongeziwe'),
('2025-02-14', 2, 'LN-2024034', 'Lonwabo'),
('2025-02-14', 2, 'LN-2024035', 'Luthando'),
('2025-02-14', 2, 'LN-2024037', 'Thando'),
('2025-02-14', 3, 'LN-2024038', 'Nompumelelo'),
('2025-02-14', 3, 'LN-2024039', 'Siphesihle'),
('2025-02-14', 3, 'LN-2024040', 'Sizakele'),
('2025-02-14', 3, 'LN-2024041', 'Lungelo'),
('2025-02-14', 3, 'LN-2024042', 'Ayize'),
('2025-02-14', 3, 'LN-2024043', 'Kabelo'),
('2025-02-14', 3, 'LN-2024044', 'Ayakha'),
('2025-02-14', 3, 'LN-2024045', 'Siyabulela'),
('2025-02-14', 3, 'LN-2024046', 'Sibusiso'),
('2025-02-14', 3, 'LN-2024047', 'Nondumiso'),
('2025-02-14', 3, 'LN-2024048', 'Amahle'),
('2025-02-14', 3, 'LN-2024049', 'Themba'),
('2025-02-14', 3, 'LN-2024050', 'Ntombizodwa'),
('2025-02-14', 3, 'LN-2024051', 'Mpho'),
('2025-02-14', 3, 'LN-2024052', 'Vuyokazi'),
('2025-02-17', 1, 'LN-2024001', 'Thabo'),
('2025-02-17', 1, 'LN-2024002', 'Nomthandazo'),
('2025-02-17', 1, 'LN-2024003', 'Siyanda'),
('2025-02-17', 1, 'LN-2024004', 'Lerato'),
('2025-02-17', 1, 'LN-2024005', 'Bongani'),
('2025-02-17', 1, 'LN-2024006', 'Sipho'),
('2025-02-17', 1, 'LN-2024007', 'Kgothatso'),
('2025-02-17', 1, 'LN-2024009', 'Nokuthula'),
('2025-02-17', 1, 'LN-2024010', 'Lwazi'),
('2025-02-17', 1, 'LN-2024011', 'Aisha'),
('2025-02-17', 1, 'LN-2024013', 'Jabulani'),
('2025-02-17', 1, 'LN-2024014', 'Onke'),
('2025-02-17', 1, 'LN-2024015', 'Itumeleng'),
('2025-02-17', 1, 'LN-2024016', 'Ayanda'),
('2025-02-17', 1, 'LN-2024017', 'Nosipho'),
('2025-02-17', 1, 'LN-2024018', 'Sizwe'),
('2025-02-17', 1, 'LN-2024019', 'Nontokozo'),
('2025-02-17', 1, 'LN-2024020', 'Nokwanda'),
('2025-02-17', 1, 'LN-2024022', 'Ayabonga'),
('2025-02-17', 1, 'LN-2024023', 'Zanele'),
('2025-02-17', 1, 'LN-2024024', 'Sanele'),
('2025-02-17', 1, 'LN-2024025', 'Thabang'),
('2025-02-17', 1, 'LN-2024027', 'Khanyisile'),
('2025-02-17', 1, 'LN-2024028', 'Simphiwe'),
('2025-02-17', 1, 'LN-2024029', 'Khulani'),
('2025-02-17', 2, 'LN-2024030', 'Nomvula'),
('2025-02-17', 2, 'LN-2024031', 'Anele'),
('2025-02-17', 2, 'LN-2024032', 'Thokozani'),
('2025-02-17', 2, 'LN-2024033', 'Ongeziwe'),
('2025-02-17', 2, 'LN-2024034', 'Lonwabo'),
('2025-02-17', 2, 'LN-2024035', 'Luthando'),
('2025-02-17', 2, 'LN-2024036', 'Bandile'),
('2025-02-17', 2, 'LN-2024037', 'Thando'),
('2025-02-17', 3, 'LN-2024039', 'Siphesihle'),
('2025-02-17', 3, 'LN-2024040', 'Sizakele'),
('2025-02-17', 3, 'LN-2024041', 'Lungelo'),
('2025-02-17', 3, 'LN-2024042', 'Ayize'),
('2025-02-17', 3, 'LN-2024044', 'Ayakha'),
('2025-02-17', 3, 'LN-2024045', 'Siyabulela'),
('2025-02-17', 3, 'LN-2024046', 'Sibusiso'),
('2025-02-17', 3, 'LN-2024047', 'Nondumiso'),
('2025-02-17', 3, 'LN-2024048', 'Amahle'),
('2025-02-17', 3, 'LN-2024049', 'Themba'),
('2025-02-17', 3, 'LN-2024050', 'Ntombizodwa'),
('2025-02-17', 3, 'LN-2024051', 'Mpho'),
('2025-02-17', 3, 'LN-2024052', 'Vuyokazi'),
('2025-02-18', 1, 'LN-2024001', 'Thabo'),
('2025-02-18', 1, 'LN-2024002', 'Nomthandazo'),
('2025-02-18', 1, 'LN-2024003', 'Siyanda'),
('2025-02-18', 1, 'LN-2024004', 'Lerato'),
('2025-02-18', 1, 'LN-2024005', 'Bongani'),
('2025-02-18', 1, 'LN-2024006', 'Sipho'),
('2025-02-18', 1, 'LN-2024007', 'Kgothatso'),
('2025-02-18', 1, 'LN-2024008', 'Mandla'),
('2025-02-18', 1, 'LN-2024009', 'Nokuthula'),
('2025-02-18', 1, 'LN-2024010', 'Lwazi'),
('2025-02-18', 1, 'LN-2024012', 'Thandeka'),
('2025-02-18', 1, 'LN-2024013', 'Jabulani'),
('2025-02-18', 1, 'LN-2024014', 'Onke'),
('2025-02-18', 1, 'LN-2024015', 'Itumeleng'),
('2025-02-18', 1, 'LN-2024016', 'Ayanda'),
('2025-02-18', 1, 'LN-2024017', 'Nosipho'),
('2025-02-18', 1, 'LN-2024018', 'Sizwe'),
('2025-02-18', 1, 'LN-2024019', 'Nontokozo'),
('2025-02-18', 1, 'LN-2024020', 'Nokwanda'),
('2025-02-18', 1, 'LN-2024021', 'Xolani'),
('2025-02-18', 1, 'LN-2024022', 'Ayabonga'),
('2025-02-18', 1, 'LN-2024023', 'Zanele'),
('2025-02-18', 1, 'LN-2024024', 'Sanele'),
('2025-02-18', 1, 'LN-2024026', 'Asanda'),
('2025-02-18', 1, 'LN-2024027', 'Khanyisile'),
('2025-02-18', 1, 'LN-2024028', 'Simphiwe'),
('2025-02-18', 1, 'LN-2024029', 'Khulani'),
('2025-02-18', 2, 'LN-2024030', 'Nomvula'),
('2025-02-18', 2, 'LN-2024031', 'Anele'),
('2025-02-18', 2, 'LN-2024032', 'Thokozani'),
('2025-02-18', 2, 'LN-2024033', 'Ongeziwe'),
('2025-02-18', 2, 'LN-2024034', 'Lonwabo'),
('2025-02-18', 2, 'LN-2024035', 'Luthando'),
('2025-02-18', 2, 'LN-2024036', 'Bandile'),
('2025-02-18', 2, 'LN-2024037', 'Thando'),
('2025-02-18', 3, 'LN-2024039', 'Siphesihle'),
('2025-02-18', 3, 'LN-2024040', 'Sizakele'),
('2025-02-18', 3, 'LN-2024041', 'Lungelo'),
('2025-02-18', 3, 'LN-2024042', 'Ayize'),
('2025-02-18', 3, 'LN-2024043', 'Kabelo'),
('2025-02-18', 3, 'LN-2024045', 'Siyabulela'),
('2025-02-18', 3, 'LN-2024046', 'Sibusiso'),
('2025-02-18', 3, 'LN-2024047', 'Nondumiso'),
('2025-02-18', 3, 'LN-2024048', 'Amahle'),
('2025-02-18', 3, 'LN-2024049', 'Themba'),
('2025-02-18', 3, 'LN-2024050', 'Ntombizodwa'),
('2025-02-18', 3, 'LN-2024051', 'Mpho'),
('2025-02-18', 3, 'LN-2024052', 'Vuyokazi'),
('2025-02-19', 1, 'LN-2024001', 'Thabo'),
('2025-02-19', 1, 'LN-2024002', 'Nomthandazo'),
('2025-02-19', 1, 'LN-2024003', 'Siyanda'),
('2025-02-19', 1, 'LN-2024004', 'Lerato'),
('2025-02-19', 1, 'LN-2024005', 'Bongani'),
('2025-02-19', 1, 'LN-2024007', 'Kgothatso'),
('2025-02-19', 1, 'LN-2024008', 'Mandla'),
('2025-02-19', 1, 'LN-2024009', 'Nokuthula'),
('2025-02-19', 1, 'LN-2024010', 'Lwazi'),
('2025-02-19', 1, 'LN-2024011', 'Aisha'),
('2025-02-19', 1, 'LN-2024012', 'Thandeka'),
('2025-02-19', 1, 'LN-2024014', 'Onke'),
('2025-02-19', 1, 'LN-2024015', 'Itumeleng'),
('2025-02-19', 1, 'LN-2024016', 'Ayanda'),
('2025-02-19', 1, 'LN-2024017', 'Nosipho'),
('2025-02-19', 1, 'LN-2024018', 'Sizwe'),
('2025-02-19', 1, 'LN-2024019', 'Nontokozo'),
('2025-02-19', 1, 'LN-2024020', 'Nokwanda'),
('2025-02-19', 1, 'LN-2024021', 'Xolani'),
('2025-02-19', 1, 'LN-2024022', 'Ayabonga'),
('2025-02-19', 1, 'LN-2024023', 'Zanele'),
('2025-02-19', 1, 'LN-2024024', 'Sanele'),
('2025-02-19', 1, 'LN-2024025', 'Thabang'),
('2025-02-19', 1, 'LN-2024026', 'Asanda'),
('2025-02-19', 1, 'LN-2024027', 'Khanyisile'),
('2025-02-19', 1, 'LN-2024028', 'Simphiwe'),
('2025-02-19', 1, 'LN-2024029', 'Khulani'),
('2025-02-19', 2, 'LN-2024030', 'Nomvula'),
('2025-02-19', 2, 'LN-2024031', 'Anele'),
('2025-02-19', 2, 'LN-2024033', 'Ongeziwe'),
('2025-02-19', 2, 'LN-2024034', 'Lonwabo'),
('2025-02-19', 2, 'LN-2024035', 'Luthando'),
('2025-02-19', 2, 'LN-2024036', 'Bandile'),
('2025-02-19', 2, 'LN-2024037', 'Thando'),
('2025-02-19', 3, 'LN-2024038', 'Nompumelelo'),
('2025-02-19', 3, 'LN-2024039', 'Siphesihle'),
('2025-02-19', 3, 'LN-2024040', 'Sizakele'),
('2025-02-19', 3, 'LN-2024041', 'Lungelo'),
('2025-02-19', 3, 'LN-2024042', 'Ayize'),
('2025-02-19', 3, 'LN-2024044', 'Ayakha'),
('2025-02-19', 3, 'LN-2024045', 'Siyabulela'),
('2025-02-19', 3, 'LN-2024046', 'Sibusiso'),
('2025-02-19', 3, 'LN-2024047', 'Nondumiso'),
('2025-02-19', 3, 'LN-2024048', 'Amahle'),
('2025-02-19', 3, 'LN-2024049', 'Themba'),
('2025-02-19', 3, 'LN-2024050', 'Ntombizodwa'),
('2025-02-19', 3, 'LN-2024051', 'Mpho'),
('2025-02-19', 3, 'LN-2024052', 'Vuyokazi'),
('2025-02-20', 1, 'LN-2024001', 'Thabo'),
('2025-02-20', 1, 'LN-2024002', 'Nomthandazo'),
('2025-02-20', 1, 'LN-2024003', 'Siyanda'),
('2025-02-20', 1, 'LN-2024004', 'Lerato'),
('2025-02-20', 1, 'LN-2024005', 'Bongani'),
('2025-02-20', 1, 'LN-2024006', 'Sipho'),
('2025-02-20', 1, 'LN-2024007', 'Kgothatso'),
('2025-02-20', 1, 'LN-2024008', 'Mandla'),
('2025-02-20', 1, 'LN-2024009', 'Nokuthula'),
('2025-02-20', 1, 'LN-2024010', 'Lwazi'),
('2025-02-20', 1, 'LN-2024011', 'Aisha'),
('2025-02-20', 1, 'LN-2024012', 'Thandeka'),
('2025-02-20', 1, 'LN-2024013', 'Jabulani'),
('2025-02-20', 1, 'LN-2024014', 'Onke'),
('2025-02-20', 1, 'LN-2024015', 'Itumeleng'),
('2025-02-20', 1, 'LN-2024016', 'Ayanda'),
('2025-02-20', 1, 'LN-2024017', 'Nosipho'),
('2025-02-20', 1, 'LN-2024018', 'Sizwe'),
('2025-02-20', 1, 'LN-2024019', 'Nontokozo'),
('2025-02-20', 1, 'LN-2024021', 'Xolani'),
('2025-02-20', 1, 'LN-2024022', 'Ayabonga'),
('2025-02-20', 1, 'LN-2024023', 'Zanele'),
('2025-02-20', 1, 'LN-2024024', 'Sanele'),
('2025-02-20', 1, 'LN-2024025', 'Thabang'),
('2025-02-20', 1, 'LN-2024026', 'Asanda'),
('2025-02-20', 1, 'LN-2024027', 'Khanyisile'),
('2025-02-20', 1, 'LN-2024028', 'Simphiwe'),
('2025-02-20', 1, 'LN-2024029', 'Khulani'),
('2025-02-20', 2, 'LN-2024030', 'Nomvula'),
('2025-02-20', 2, 'LN-2024031', 'Anele'),
('2025-02-20', 2, 'LN-2024032', 'Thokozani'),
('2025-02-20', 2, 'LN-2024033', 'Ongeziwe'),
('2025-02-20', 2, 'LN-2024034', 'Lonwabo'),
('2025-02-20', 2, 'LN-2024035', 'Luthando'),
('2025-02-20', 2, 'LN-2024037', 'Thando'),
('2025-02-20', 3, 'LN-2024038', 'Nompumelelo'),
('2025-02-20', 3, 'LN-2024039', 'Siphesihle'),
('2025-02-20', 3, 'LN-2024040', 'Sizakele'),
('2025-02-20', 3, 'LN-2024041', 'Lungelo'),
('2025-02-20', 3, 'LN-2024043', 'Kabelo'),
('2025-02-20', 3, 'LN-2024044', 'Ayakha'),
('2025-02-20', 3, 'LN-2024045', 'Siyabulela'),
('2025-02-20', 3, 'LN-2024046', 'Sibusiso'),
('2025-02-20', 3, 'LN-2024047', 'Nondumiso'),
('2025-02-20', 3, 'LN-2024048', 'Amahle'),
('2025-02-20', 3, 'LN-2024049', 'Themba'),
('2025-02-20', 3, 'LN-2024050', 'Ntombizodwa'),
('2025-02-20', 3, 'LN-2024051', 'Mpho'),
('2025-02-20', 3, 'LN-2024052', 'Vuyokazi'),
('2025-02-21', 1, 'LN-2024001', 'Thabo'),
('2025-02-21', 1, 'LN-2024003', 'Siyanda'),
('2025-02-21', 1, 'LN-2024004', 'Lerato'),
('2025-02-21', 1, 'LN-2024005', 'Bongani'),
('2025-02-21', 1, 'LN-2024006', 'Sipho'),
('2025-02-21', 1, 'LN-2024007', 'Kgothatso'),
('2025-02-21', 1, 'LN-2024008', 'Mandla'),
('2025-02-21', 1, 'LN-2024009', 'Nokuthula'),
('2025-02-21', 1, 'LN-2024010', 'Lwazi'),
('2025-02-21', 1, 'LN-2024011', 'Aisha'),
('2025-02-21', 1, 'LN-2024012', 'Thandeka'),
('2025-02-21', 1, 'LN-2024013', 'Jabulani'),
('2025-02-21', 1, 'LN-2024014', 'Onke'),
('2025-02-21', 1, 'LN-2024015', 'Itumeleng'),
('2025-02-21', 1, 'LN-2024016', 'Ayanda'),
('2025-02-21', 1, 'LN-2024017', 'Nosipho'),
('2025-02-21', 1, 'LN-2024018', 'Sizwe'),
('2025-02-21', 1, 'LN-2024019', 'Nontokozo'),
('2025-02-21', 1, 'LN-2024021', 'Xolani'),
('2025-02-21', 1, 'LN-2024022', 'Ayabonga'),
('2025-02-21', 1, 'LN-2024023', 'Zanele'),
('2025-02-21', 1, 'LN-2024024', 'Sanele'),
('2025-02-21', 1, 'LN-2024025', 'Thabang'),
('2025-02-21', 1, 'LN-2024026', 'Asanda'),
('2025-02-21', 1, 'LN-2024027', 'Khanyisile'),
('2025-02-21', 1, 'LN-2024028', 'Simphiwe'),
('2025-02-21', 2, 'LN-2024030', 'Nomvula'),
('2025-02-21', 2, 'LN-2024031', 'Anele'),
('2025-02-21', 2, 'LN-2024032', 'Thokozani'),
('2025-02-21', 2, 'LN-2024033', 'Ongeziwe'),
('2025-02-21', 2, 'LN-2024034', 'Lonwabo'),
('2025-02-21', 2, 'LN-2024035', 'Luthando'),
('2025-02-21', 2, 'LN-2024036', 'Bandile'),
('2025-02-21', 2, 'LN-2024037', 'Thando'),
('2025-02-21', 3, 'LN-2024038', 'Nompumelelo'),
('2025-02-21', 3, 'LN-2024039', 'Siphesihle'),
('2025-02-21', 3, 'LN-2024040', 'Sizakele'),
('2025-02-21', 3, 'LN-2024041', 'Lungelo'),
('2025-02-21', 3, 'LN-2024043', 'Kabelo'),
('2025-02-21', 3, 'LN-2024044', 'Ayakha'),
('2025-02-21', 3, 'LN-2024045', 'Siyabulela'),
('2025-02-21', 3, 'LN-2024046', 'Sibusiso'),
('2025-02-21', 3, 'LN-2024047', 'Nondumiso'),
('2025-02-21', 3, 'LN-2024048', 'Amahle'),
('2025-02-21', 3, 'LN-2024049', 'Themba'),
('2025-02-21', 3, 'LN-2024050', 'Ntombizodwa'),
('2025-02-21', 3, 'LN-2024051', 'Mpho'),
('2025-02-21', 3, 'LN-2024052', 'Vuyokazi'),
('2025-02-24', 1, 'LN-2024001', 'Thabo'),
('2025-02-24', 1, 'LN-2024002', 'Nomthandazo'),
('2025-02-24', 1, 'LN-2024003', 'Siyanda'),
('2025-02-24', 1, 'LN-2024004', 'Lerato'),
('2025-02-24', 1, 'LN-2024005', 'Bongani'),
('2025-02-24', 1, 'LN-2024006', 'Sipho'),
('2025-02-24', 1, 'LN-2024007', 'Kgothatso'),
('2025-02-24', 1, 'LN-2024008', 'Mandla'),
('2025-02-24', 1, 'LN-2024010', 'Lwazi'),
('2025-02-24', 1, 'LN-2024011', 'Aisha'),
('2025-02-24', 1, 'LN-2024012', 'Thandeka'),
('2025-02-24', 1, 'LN-2024013', 'Jabulani'),
('2025-02-24', 1, 'LN-2024014', 'Onke'),
('2025-02-24', 1, 'LN-2024015', 'Itumeleng'),
('2025-02-24', 1, 'LN-2024016', 'Ayanda'),
('2025-02-24', 1, 'LN-2024017', 'Nosipho'),
('2025-02-24', 1, 'LN-2024018', 'Sizwe'),
('2025-02-24', 1, 'LN-2024019', 'Nontokozo'),
('2025-02-24', 1, 'LN-2024020', 'Nokwanda'),
('2025-02-24', 1, 'LN-2024021', 'Xolani'),
('2025-02-24', 1, 'LN-2024022', 'Ayabonga'),
('2025-02-24', 1, 'LN-2024024', 'Sanele'),
('2025-02-24', 1, 'LN-2024025', 'Thabang'),
('2025-02-24', 1, 'LN-2024026', 'Asanda'),
('2025-02-24', 1, 'LN-2024027', 'Khanyisile'),
('2025-02-24', 1, 'LN-2024028', 'Simphiwe'),
('2025-02-24', 1, 'LN-2024029', 'Khulani'),
('2025-02-24', 2, 'LN-2024030', 'Nomvula'),
('2025-02-24', 2, 'LN-2024031', 'Anele'),
('2025-02-24', 2, 'LN-2024032', 'Thokozani'),
('2025-02-24', 2, 'LN-2024033', 'Ongeziwe'),
('2025-02-24', 2, 'LN-2024034', 'Lonwabo'),
('2025-02-24', 2, 'LN-2024036', 'Bandile'),
('2025-02-24', 2, 'LN-2024037', 'Thando'),
('2025-02-24', 3, 'LN-2024038', 'Nompumelelo'),
('2025-02-24', 3, 'LN-2024039', 'Siphesihle'),
('2025-02-24', 3, 'LN-2024040', 'Sizakele'),
('2025-02-24', 3, 'LN-2024041', 'Lungelo'),
('2025-02-24', 3, 'LN-2024042', 'Ayize'),
('2025-02-24', 3, 'LN-2024043', 'Kabelo'),
('2025-02-24', 3, 'LN-2024044', 'Ayakha'),
('2025-02-24', 3, 'LN-2024045', 'Siyabulela'),
('2025-02-24', 3, 'LN-2024047', 'Nondumiso'),
('2025-02-24', 3, 'LN-2024048', 'Amahle'),
('2025-02-24', 3, 'LN-2024049', 'Themba'),
('2025-02-24', 3, 'LN-2024050', 'Ntombizodwa'),
('2025-02-24', 3, 'LN-2024051', 'Mpho'),
('2025-02-24', 3, 'LN-2024052', 'Vuyokazi'),
('2025-02-25', 1, 'LN-2024002', 'Nomthandazo'),
('2025-02-25', 1, 'LN-2024003', 'Siyanda'),
('2025-02-25', 1, 'LN-2024004', 'Lerato'),
('2025-02-25', 1, 'LN-2024005', 'Bongani'),
('2025-02-25', 1, 'LN-2024006', 'Sipho'),
('2025-02-25', 1, 'LN-2024007', 'Kgothatso'),
('2025-02-25', 1, 'LN-2024008', 'Mandla'),
('2025-02-25', 1, 'LN-2024009', 'Nokuthula'),
('2025-02-25', 1, 'LN-2024010', 'Lwazi'),
('2025-02-25', 1, 'LN-2024011', 'Aisha'),
('2025-02-25', 1, 'LN-2024012', 'Thandeka'),
('2025-02-25', 1, 'LN-2024013', 'Jabulani'),
('2025-02-25', 1, 'LN-2024014', 'Onke'),
('2025-02-25', 1, 'LN-2024016', 'Ayanda'),
('2025-02-25', 1, 'LN-2024017', 'Nosipho'),
('2025-02-25', 1, 'LN-2024018', 'Sizwe'),
('2025-02-25', 1, 'LN-2024019', 'Nontokozo'),
('2025-02-25', 1, 'LN-2024020', 'Nokwanda'),
('2025-02-25', 1, 'LN-2024022', 'Ayabonga'),
('2025-02-25', 1, 'LN-2024023', 'Zanele'),
('2025-02-25', 1, 'LN-2024024', 'Sanele'),
('2025-02-25', 1, 'LN-2024025', 'Thabang'),
('2025-02-25', 1, 'LN-2024026', 'Asanda'),
('2025-02-25', 1, 'LN-2024027', 'Khanyisile'),
('2025-02-25', 1, 'LN-2024028', 'Simphiwe'),
('2025-02-25', 1, 'LN-2024029', 'Khulani'),
('2025-02-25', 2, 'LN-2024030', 'Nomvula'),
('2025-02-25', 2, 'LN-2024032', 'Thokozani'),
('2025-02-25', 2, 'LN-2024033', 'Ongeziwe'),
('2025-02-25', 2, 'LN-2024034', 'Lonwabo'),
('2025-02-25', 2, 'LN-2024035', 'Luthando'),
('2025-02-25', 2, 'LN-2024036', 'Bandile'),
('2025-02-25', 2, 'LN-2024037', 'Thando'),
('2025-02-25', 3, 'LN-2024038', 'Nompumelelo'),
('2025-02-25', 3, 'LN-2024039', 'Siphesihle'),
('2025-02-25', 3, 'LN-2024041', 'Lungelo'),
('2025-02-25', 3, 'LN-2024042', 'Ayize'),
('2025-02-25', 3, 'LN-2024043', 'Kabelo'),
('2025-02-25', 3, 'LN-2024044', 'Ayakha'),
('2025-02-25', 3, 'LN-2024045', 'Siyabulela'),
('2025-02-25', 3, 'LN-2024046', 'Sibusiso'),
('2025-02-25', 3, 'LN-2024047', 'Nondumiso'),
('2025-02-25', 3, 'LN-2024048', 'Amahle'),
('2025-02-25', 3, 'LN-2024050', 'Ntombizodwa'),
('2025-02-25', 3, 'LN-2024051', 'Mpho'),
('2025-02-25', 3, 'LN-2024052', 'Vuyokazi'),
('2025-02-26', 1, 'LN-2024001', 'Thabo'),
('2025-02-26', 1, 'LN-2024002', 'Nomthandazo'),
('2025-02-26', 1, 'LN-2024004', 'Lerato'),
('2025-02-26', 1, 'LN-2024005', 'Bongani'),
('2025-02-26', 1, 'LN-2024006', 'Sipho'),
('2025-02-26', 1, 'LN-2024007', 'Kgothatso'),
('2025-02-26', 1, 'LN-2024008', 'Mandla'),
('2025-02-26', 1, 'LN-2024009', 'Nokuthula'),
('2025-02-26', 1, 'LN-2024010', 'Lwazi'),
('2025-02-26', 1, 'LN-2024012', 'Thandeka'),
('2025-02-26', 1, 'LN-2024013', 'Jabulani'),
('2025-02-26', 1, 'LN-2024014', 'Onke'),
('2025-02-26', 1, 'LN-2024015', 'Itumeleng'),
('2025-02-26', 1, 'LN-2024016', 'Ayanda'),
('2025-02-26', 1, 'LN-2024017', 'Nosipho'),
('2025-02-26', 1, 'LN-2024018', 'Sizwe'),
('2025-02-26', 1, 'LN-2024019', 'Nontokozo'),
('2025-02-26', 1, 'LN-2024020', 'Nokwanda'),
('2025-02-26', 1, 'LN-2024021', 'Xolani'),
('2025-02-26', 1, 'LN-2024022', 'Ayabonga'),
('2025-02-26', 1, 'LN-2024023', 'Zanele'),
('2025-02-26', 1, 'LN-2024024', 'Sanele'),
('2025-02-26', 1, 'LN-2024025', 'Thabang'),
('2025-02-26', 1, 'LN-2024026', 'Asanda'),
('2025-02-26', 1, 'LN-2024027', 'Khanyisile'),
('2025-02-26', 1, 'LN-2024029', 'Khulani'),
('2025-02-26', 2, 'LN-2024031', 'Anele'),
('2025-02-26', 2, 'LN-2024032', 'Thokozani'),
('2025-02-26', 2, 'LN-2024033', 'Ongeziwe'),
('2025-02-26', 2, 'LN-2024034', 'Lonwabo'),
('2025-02-26', 2, 'LN-2024035', 'Luthando'),
('2025-02-26', 2, 'LN-2024036', 'Bandile'),
('2025-02-26', 2, 'LN-2024037', 'Thando'),
('2025-02-26', 3, 'LN-2024038', 'Nompumelelo'),
('2025-02-26', 3, 'LN-2024039', 'Siphesihle'),
('2025-02-26', 3, 'LN-2024040', 'Sizakele'),
('2025-02-26', 3, 'LN-2024041', 'Lungelo'),
('2025-02-26', 3, 'LN-2024042', 'Ayize'),
('2025-02-26', 3, 'LN-2024043', 'Kabelo'),
('2025-02-26', 3, 'LN-2024044', 'Ayakha'),
('2025-02-26', 3, 'LN-2024045', 'Siyabulela'),
('2025-02-26', 3, 'LN-2024046', 'Sibusiso'),
('2025-02-26', 3, 'LN-2024048', 'Amahle'),
('2025-02-26', 3, 'LN-2024049', 'Themba'),
('2025-02-26', 3, 'LN-2024050', 'Ntombizodwa'),
('2025-02-26', 3, 'LN-2024051', 'Mpho'),
('2025-02-27', 1, 'LN-2024001', 'Thabo'),
('2025-02-27', 1, 'LN-2024002', 'Nomthandazo'),
('2025-02-27', 1, 'LN-2024003', 'Siyanda'),
('2025-02-27', 1, 'LN-2024004', 'Lerato'),
('2025-02-27', 1, 'LN-2024005', 'Bongani'),
('2025-02-27', 1, 'LN-2024006', 'Sipho'),
('2025-02-27', 1, 'LN-2024007', 'Kgothatso'),
('2025-02-27', 1, 'LN-2024008', 'Mandla'),
('2025-02-27', 1, 'LN-2024009', 'Nokuthula'),
('2025-02-27', 1, 'LN-2024010', 'Lwazi'),
('2025-02-27', 1, 'LN-2024011', 'Aisha'),
('2025-02-27', 1, 'LN-2024012', 'Thandeka'),
('2025-02-27', 1, 'LN-2024014', 'Onke'),
('2025-02-27', 1, 'LN-2024015', 'Itumeleng'),
('2025-02-27', 1, 'LN-2024016', 'Ayanda'),
('2025-02-27', 1, 'LN-2024017', 'Nosipho'),
('2025-02-27', 1, 'LN-2024019', 'Nontokozo'),
('2025-02-27', 1, 'LN-2024020', 'Nokwanda'),
('2025-02-27', 1, 'LN-2024021', 'Xolani'),
('2025-02-27', 1, 'LN-2024022', 'Ayabonga'),
('2025-02-27', 1, 'LN-2024023', 'Zanele'),
('2025-02-27', 1, 'LN-2024024', 'Sanele'),
('2025-02-27', 1, 'LN-2024025', 'Thabang'),
('2025-02-27', 1, 'LN-2024026', 'Asanda'),
('2025-02-27', 1, 'LN-2024027', 'Khanyisile'),
('2025-02-27', 1, 'LN-2024028', 'Simphiwe'),
('2025-02-27', 1, 'LN-2024029', 'Khulani'),
('2025-02-27', 2, 'LN-2024030', 'Nomvula'),
('2025-02-27', 2, 'LN-2024032', 'Thokozani'),
('2025-02-27', 2, 'LN-2024033', 'Ongeziwe'),
('2025-02-27', 2, 'LN-2024034', 'Lonwabo'),
('2025-02-27', 2, 'LN-2024035', 'Luthando'),
('2025-02-27', 2, 'LN-2024036', 'Bandile'),
('2025-02-27', 3, 'LN-2024038', 'Nompumelelo'),
('2025-02-27', 3, 'LN-2024039', 'Siphesihle'),
('2025-02-27', 3, 'LN-2024040', 'Sizakele'),
('2025-02-27', 3, 'LN-2024041', 'Lungelo'),
('2025-02-27', 3, 'LN-2024042', 'Ayize'),
('2025-02-27', 3, 'LN-2024043', 'Kabelo'),
('2025-02-27', 3, 'LN-2024044', 'Ayakha'),
('2025-02-27', 3, 'LN-2024045', 'Siyabulela'),
('2025-02-27', 3, 'LN-2024046', 'Sibusiso'),
('2025-02-27', 3, 'LN-2024047', 'Nondumiso'),
('2025-02-27', 3, 'LN-2024048', 'Amahle'),
('2025-02-27', 3, 'LN-2024049', 'Themba'),
('2025-02-27', 3, 'LN-2024050', 'Ntombizodwa'),
('2025-02-27', 3, 'LN-2024052', 'Vuyokazi');

-- --------------------------------------------------------

--
-- Table structure for table `approved_list`
--

CREATE TABLE `approved_list` (
  `LEARNER_NUM` varchar(10) CHARACTER SET utf8mb4 COLLATE utf8mb4_general_ci NOT NULL,
  `NAME` varchar(11) CHARACTER SET utf8mb4 COLLATE utf8mb4_general_ci NOT NULL,
  `SURNAME` varchar(13) CHARACTER SET utf8mb4 COLLATE utf8mb4_general_ci NOT NULL,
  `BUS_NUM` varchar(50) CHARACTER SET utf8mb4 COLLATE utf8mb4_general_ci NOT NULL,
  `APPROVED_DATE` timestamp(6) NOT NULL DEFAULT current_timestamp(6) ON UPDATE current_timestamp(6)
) ENGINE=InnoDB DEFAULT CHARSET=utf8 COLLATE=utf8_general_ci;

--
-- Dumping data for table `approved_list`
--

INSERT INTO `approved_list` (`LEARNER_NUM`, `NAME`, `SURNAME`, `BUS_NUM`, `APPROVED_DATE`) VALUES
('LN-144444', 'Kang-Lee', 'Un', 'BUS_1', '2024-11-16 22:00:00.000000'),
('LN-144445', 'Kang-Lee', 'Un', 'BUS_1', '2024-11-17 11:03:19.675957'),
('LN-2024001', 'Thabo', 'Ndlovu', 'BUS_1', '2005-02-19 22:00:00.000000'),
('LN-2024002', 'Nomthandazo', 'Molefe', 'BUS_1', '2005-02-19 22:00:00.000000'),
('LN-2024003', 'Siyanda', 'Molefe', 'BUS_1', '2005-02-19 22:00:00.000000'),
('LN-2024004', 'Lerato', 'Naidoo', 'BUS_1', '2005-02-19 22:00:00.000000'),
('LN-2024005', 'Bongani', 'Naidoo', 'BUS_1', '2005-02-19 22:00:00.000000'),
('LN-2024006', 'Sipho', 'Dlamini', 'BUS_1', '2005-02-19 22:00:00.000000'),
('LN-2024007', 'Kgothatso', 'Mkhize', 'BUS_1', '2005-02-19 22:00:00.000000'),
('LN-2024008', 'Mandla', 'Mkhize', 'BUS_1', '2005-02-19 22:00:00.000000'),
('LN-2024009', 'Nokuthula', 'Mkhize', 'BUS_1', '2005-02-19 22:00:00.000000'),
('LN-2024010', 'Lwazi', 'Van Wyk', 'BUS_1', '2005-02-19 22:00:00.000000'),
('LN-2024011', 'Aisha', 'Mabuza', 'BUS_1', '2005-02-19 22:00:00.000000'),
('LN-2024012', 'Thandeka', 'Mabuza', 'BUS_1', '2005-02-19 22:00:00.000000'),
('LN-2024013', 'Jabulani', 'Khumalo', 'BUS_1', '2005-02-19 22:00:00.000000'),
('LN-2024014', 'Onke', 'Khumalo', 'BUS_1', '2005-02-19 22:00:00.000000'),
('LN-2024015', 'Itumeleng', 'Nkosi', 'BUS_1', '2005-02-19 22:00:00.000000'),
('LN-2024016', 'Ayanda', 'Mahlangu', 'BUS_1', '2005-02-19 22:00:00.000000'),
('LN-2024017', 'Nosipho', 'Mahlangu', 'BUS_1', '2005-02-19 22:00:00.000000'),
('LN-2024018', 'Sizwe', 'Mthembu', 'BUS_1', '2005-02-19 22:00:00.000000'),
('LN-2024019', 'Nontokozo', 'Botha', 'BUS_1', '2005-02-19 22:00:00.000000'),
('LN-2024020', 'Nokwanda', 'Botha', 'BUS_1', '2005-02-19 22:00:00.000000'),
('LN-2024021', 'Xolani', 'Zulu', 'BUS_1', '2005-02-19 22:00:00.000000'),
('LN-2024022', 'Ayabonga', 'Mokoena', 'BUS_1', '2005-02-19 22:00:00.000000'),
('LN-2024023', 'Zanele', 'Ngubane', 'BUS_1', '2005-02-19 22:00:00.000000'),
('LN-2024024', 'Sanele', 'Ngubane', 'BUS_1', '2005-02-19 22:00:00.000000'),
('LN-2024025', 'Thabang', 'Buthelezi', 'BUS_1', '2005-02-19 22:00:00.000000'),
('LN-2024026', 'Asanda', 'Motloung', 'BUS_1', '2005-02-19 22:00:00.000000'),
('LN-2024027', 'Khanyisile', 'Motloung', 'BUS_1', '2005-02-19 22:00:00.000000'),
('LN-2024028', 'Simphiwe', 'Ndaba', 'BUS_1', '2005-02-19 22:00:00.000000'),
('LN-2024029', 'Khulani', 'Kgomo', 'BUS_1', '2005-02-19 22:00:00.000000'),
('LN-2024030', 'Nomvula', 'Kgomo', 'BUS_2', '2005-02-19 22:00:00.000000'),
('LN-2024031', 'Anele', 'Ngwenya', 'BUS_2', '2005-02-19 22:00:00.000000'),
('LN-2024032', 'Thokozani', 'Ngwenya', 'BUS_2', '2005-02-19 22:00:00.000000'),
('LN-2024033', 'Ongeziwe', 'Hlongwane', 'BUS_2', '2005-02-19 22:00:00.000000'),
('LN-2024034', 'Lonwabo', 'Van der Merwe', 'BUS_2', '2005-02-19 22:00:00.000000'),
('LN-2024035', 'Luthando', 'Van der Merwe', 'BUS_2', '2005-02-19 22:00:00.000000'),
('LN-2024036', 'Bandile', 'De Klerk', 'BUS_2', '2005-02-19 22:00:00.000000'),
('LN-2024037', 'Thando', 'Van Rooyen', 'BUS_2', '2005-02-19 22:00:00.000000'),
('LN-2024038', 'Nompumelelo', 'Jansen', 'BUS_3', '2005-02-19 22:00:00.000000'),
('LN-2024039', 'Siphesihle', 'Van Niekerk', 'BUS_3', '2005-02-19 22:00:00.000000'),
('LN-2024040', 'Sizakele', 'Van Niekerk', 'BUS_3', '2005-02-19 22:00:00.000000'),
('LN-2024041', 'Lungelo', 'Du Plessis', 'BUS_3', '2005-02-19 22:00:00.000000'),
('LN-2024042', 'Ayize', 'Du Plessis', 'BUS_3', '2005-02-19 22:00:00.000000'),
('LN-2024043', 'Kabelo', 'Van den Berg', 'BUS_3', '2005-02-19 22:00:00.000000'),
('LN-2024044', 'Ayakha', 'Van Zyl', 'BUS_3', '2005-02-19 22:00:00.000000'),
('LN-2024045', 'Siyabulela', 'Ferreira', 'BUS_3', '2005-02-19 22:00:00.000000'),
('LN-2024046', 'Sibusiso', 'Ferreira', 'BUS_3', '2005-02-19 22:00:00.000000'),
('LN-2024047', 'Nondumiso', 'Martins', 'BUS_3', '2005-02-19 22:00:00.000000'),
('LN-2024048', 'Amahle', 'Da Silva', 'BUS_3', '2005-02-19 22:00:00.000000'),
('LN-2024049', 'Themba', 'Adams', 'BUS_3', '2005-02-19 22:00:00.000000'),
('LN-2024050', 'Ntombizodwa', 'Jacobs', 'BUS_3', '2005-02-19 22:00:00.000000'),
('LN-2024051', 'Mpho', 'Solomons', 'BUS_3', '2005-02-19 22:00:00.000000'),
('LN-2024052', 'Vuyokazi', 'Booysen', 'BUS_3', '2005-02-19 22:00:00.000000'),
('LN-2024063', 'Ntombizethu', 'Cloete', 'BUS_1', '2024-11-14 16:13:32.317762'),
('LN-2024066', 'Siyamthanda', 'Davids', 'BUS_1', '2024-11-14 16:14:41.803590'),
('LN-2024067', 'Khanya', 'Van Rensburg', 'BUS_1', '2024-11-14 16:15:58.880794');

-- --------------------------------------------------------

--
-- Table structure for table `bus`
--

CREATE TABLE `bus` (
  `BUS_NUM` varchar(50) NOT NULL,
  `CAPACITY` int(100) NOT NULL,
  `ROUTE` int(100) NOT NULL
) ENGINE=InnoDB DEFAULT CHARSET=utf8mb4 COLLATE=utf8mb4_general_ci;

--
-- Dumping data for table `bus`
--

INSERT INTO `bus` (`BUS_NUM`, `CAPACITY`, `ROUTE`) VALUES
('BUS_1', 35, 1),
('BUS_2', 8, 2),
('BUS_3', 15, 3);

-- --------------------------------------------------------

--
-- Table structure for table `daily_register`
--

CREATE TABLE `daily_register` (
  `TRIP_DATE` varchar(10) CHARACTER SET utf8mb4 COLLATE utf8mb4_general_ci NOT NULL,
  `BUS_NUM` varchar(50) CHARACTER SET utf8mb4 COLLATE utf8mb4_general_ci NOT NULL,
  `LEARNER_NUM` varchar(10) CHARACTER SET utf8mb4 COLLATE utf8mb4_general_ci NOT NULL,
  `NAME AND SURNAME` varchar(11) DEFAULT NULL,
  `MORNING` varchar(3) DEFAULT NULL,
  `AFTERNOON` varchar(3) DEFAULT NULL
) ENGINE=InnoDB DEFAULT CHARSET=utf8 COLLATE=utf8_general_ci;

--
-- Dumping data for table `daily_register`
--

INSERT INTO `daily_register` (`TRIP_DATE`, `BUS_NUM`, `LEARNER_NUM`, `NAME AND SURNAME`, `MORNING`, `AFTERNOON`) VALUES
('03-03-2025', 'BUS_1', 'LN-2024001', 'Thabo', 'Yes', 'Yes'),
('03-03-2025', 'BUS_1', 'LN-2024002', 'Nomthandazo', 'Yes', 'Yes'),
('03-03-2025', 'BUS_1', 'LN-2024003', 'Siyanda', 'Yes', 'Yes'),
('03-03-2025', 'BUS_1', 'LN-2024004', 'Lerato', 'Yes', 'Yes'),
('03-03-2025', 'BUS_1', 'LN-2024005', 'Bongani', 'No', 'Yes'),
('03-03-2025', 'BUS_1', 'LN-2024006', 'Sipho', 'Yes', 'Yes'),
('03-03-2025', 'BUS_1', 'LN-2024007', 'Kgothatso', 'Yes', 'Yes'),
('03-03-2025', 'BUS_1', 'LN-2024008', 'Mandla', 'Yes', 'Yes'),
('03-03-2025', 'BUS_1', 'LN-2024009', 'Nokuthula', 'Yes', 'Yes'),
('03-03-2025', 'BUS_1', 'LN-2024010', 'Lwazi', 'Yes', 'Yes'),
('03-03-2025', 'BUS_1', 'LN-2024011', 'Aisha', 'Yes', 'Yes'),
('03-03-2025', 'BUS_1', 'LN-2024012', 'Thandeka', 'Yes', 'Yes'),
('03-03-2025', 'BUS_1', 'LN-2024013', 'Jabulani', 'Yes', 'Yes'),
('03-03-2025', 'BUS_1', 'LN-2024014', 'Onke', 'Yes', 'Yes'),
('03-03-2025', 'BUS_1', 'LN-2024015', 'Itumeleng', 'No', 'Yes'),
('03-03-2025', 'BUS_1', 'LN-2024016', 'Ayanda', 'Yes', 'Yes'),
('03-03-2025', 'BUS_1', 'LN-2024017', 'Nosipho', 'Yes', 'Yes'),
('03-03-2025', 'BUS_1', 'LN-2024018', 'Sizwe', 'Yes', 'Yes'),
('03-03-2025', 'BUS_1', 'LN-2024019', 'Nontokozo', 'Yes', 'Yes'),
('03-03-2025', 'BUS_1', 'LN-2024020', 'Nokwanda', 'Yes', 'No'),
('03-03-2025', 'BUS_1', 'LN-2024021', 'Xolani', 'Yes', 'Yes'),
('03-03-2025', 'BUS_1', 'LN-2024022', 'Ayabonga', 'Yes', 'No'),
('03-03-2025', 'BUS_1', 'LN-2024023', 'Zanele', 'Yes', 'Yes'),
('03-03-2025', 'BUS_1', 'LN-2024024', 'Sanele', 'Yes', 'Yes'),
('03-03-2025', 'BUS_1', 'LN-2024025', 'Thabang', 'Yes', 'Yes'),
('03-03-2025', 'BUS_1', 'LN-2024026', 'Asanda', 'Yes', 'Yes'),
('03-03-2025', 'BUS_1', 'LN-2024027', 'Khanyisile', 'Yes', 'Yes'),
('03-03-2025', 'BUS_1', 'LN-2024028', 'Simphiwe', 'Yes', 'No'),
('03-03-2025', 'BUS_1', 'LN-2024029', 'Khulani', 'Yes', 'Yes'),
('03-03-2025', 'BUS_2', 'LN-2024030', 'Nomvula', 'Yes', 'Yes'),
('03-03-2025', 'BUS_2', 'LN-2024031', 'Anele', 'Yes', 'Yes'),
('03-03-2025', 'BUS_2', 'LN-2024032', 'Thokozani', 'Yes', 'Yes'),
('03-03-2025', 'BUS_2', 'LN-2024033', 'Ongeziwe', 'Yes', 'Yes'),
('03-03-2025', 'BUS_2', 'LN-2024034', 'Lonwabo', 'Yes', 'Yes'),
('03-03-2025', 'BUS_2', 'LN-2024035', 'Luthando', 'Yes', 'Yes'),
('03-03-2025', 'BUS_2', 'LN-2024036', 'Bandile', 'Yes', 'Yes'),
('03-03-2025', 'BUS_2', 'LN-2024037', 'Thando', 'Yes', 'No'),
('03-03-2025', 'BUS_3', 'LN-2024038', 'Nompumelelo', 'Yes', 'Yes'),
('03-03-2025', 'BUS_3', 'LN-2024039', 'Siphesihle', 'Yes', 'Yes'),
('03-03-2025', 'BUS_3', 'LN-2024040', 'Sizakele', 'Yes', 'Yes'),
('03-03-2025', 'BUS_3', 'LN-2024041', 'Lungelo', 'Yes', 'Yes'),
('03-03-2025', 'BUS_3', 'LN-2024042', 'Ayize', 'Yes', 'Yes'),
('03-03-2025', 'BUS_3', 'LN-2024043', 'Kabelo', 'Yes', 'Yes'),
('03-03-2025', 'BUS_3', 'LN-2024044', 'Ayakha', 'Yes', 'Yes'),
('03-03-2025', 'BUS_3', 'LN-2024045', 'Siyabulela', 'No', 'Yes'),
('03-03-2025', 'BUS_3', 'LN-2024046', 'Sibusiso', 'Yes', 'Yes'),
('03-03-2025', 'BUS_3', 'LN-2024047', 'Nondumiso', 'Yes', 'Yes'),
('03-03-2025', 'BUS_3', 'LN-2024048', 'Amahle', 'Yes', 'Yes'),
('03-03-2025', 'BUS_3', 'LN-2024049', 'Themba', 'Yes', 'Yes'),
('03-03-2025', 'BUS_3', 'LN-2024050', 'Ntombizodwa', 'Yes', 'Yes'),
('03-03-2025', 'BUS_3', 'LN-2024051', 'Mpho', 'Yes', 'Yes'),
('03-03-2025', 'BUS_3', 'LN-2024052', 'Vuyokazi', 'No', 'Yes'),
('04-03-2025', 'BUS_1', 'LN-2024001', 'Thabo', 'Yes', 'Yes'),
('04-03-2025', 'BUS_1', 'LN-2024002', 'Nomthandazo', 'Yes', 'Yes'),
('04-03-2025', 'BUS_1', 'LN-2024003', 'Siyanda', 'Yes', 'Yes'),
('04-03-2025', 'BUS_1', 'LN-2024004', 'Lerato', 'Yes', 'Yes'),
('04-03-2025', 'BUS_1', 'LN-2024005', 'Bongani', 'No', 'Yes'),
('04-03-2025', 'BUS_1', 'LN-2024006', 'Sipho', 'Yes', 'Yes'),
('04-03-2025', 'BUS_1', 'LN-2024007', 'Kgothatso', 'Yes', 'Yes'),
('04-03-2025', 'BUS_1', 'LN-2024008', 'Mandla', 'Yes', 'Yes'),
('04-03-2025', 'BUS_1', 'LN-2024009', 'Nokuthula', 'Yes', 'Yes'),
('04-03-2025', 'BUS_1', 'LN-2024010', 'Lwazi', 'Yes', 'Yes'),
('04-03-2025', 'BUS_1', 'LN-2024011', 'Aisha', 'Yes', 'Yes'),
('04-03-2025', 'BUS_1', 'LN-2024012', 'Thandeka', 'Yes', 'Yes'),
('04-03-2025', 'BUS_1', 'LN-2024013', 'Jabulani', 'Yes', 'Yes'),
('04-03-2025', 'BUS_1', 'LN-2024014', 'Onke', 'Yes', 'Yes'),
('04-03-2025', 'BUS_1', 'LN-2024015', 'Itumeleng', 'No', 'Yes'),
('04-03-2025', 'BUS_1', 'LN-2024016', 'Ayanda', 'Yes', 'Yes'),
('04-03-2025', 'BUS_1', 'LN-2024017', 'Nosipho', 'Yes', 'Yes'),
('04-03-2025', 'BUS_1', 'LN-2024018', 'Sizwe', 'Yes', 'Yes'),
('04-03-2025', 'BUS_1', 'LN-2024019', 'Nontokozo', 'Yes', 'Yes'),
('04-03-2025', 'BUS_1', 'LN-2024020', 'Nokwanda', 'Yes', 'No'),
('04-03-2025', 'BUS_1', 'LN-2024021', 'Xolani', 'Yes', 'Yes'),
('04-03-2025', 'BUS_1', 'LN-2024022', 'Ayabonga', 'Yes', 'No'),
('04-03-2025', 'BUS_1', 'LN-2024023', 'Zanele', 'Yes', 'Yes'),
('04-03-2025', 'BUS_1', 'LN-2024024', 'Sanele', 'Yes', 'Yes'),
('04-03-2025', 'BUS_1', 'LN-2024025', 'Thabang', 'Yes', 'Yes'),
('04-03-2025', 'BUS_1', 'LN-2024026', 'Asanda', 'Yes', 'Yes'),
('04-03-2025', 'BUS_1', 'LN-2024027', 'Khanyisile', 'Yes', 'Yes'),
('04-03-2025', 'BUS_1', 'LN-2024028', 'Simphiwe', 'Yes', 'No'),
('04-03-2025', 'BUS_1', 'LN-2024029', 'Khulani', 'Yes', 'Yes'),
('04-03-2025', 'BUS_2', 'LN-2024030', 'Nomvula', 'Yes', 'Yes'),
('04-03-2025', 'BUS_2', 'LN-2024031', 'Anele', 'Yes', 'Yes'),
('04-03-2025', 'BUS_2', 'LN-2024032', 'Thokozani', 'Yes', 'Yes'),
('04-03-2025', 'BUS_2', 'LN-2024033', 'Ongeziwe', 'Yes', 'Yes'),
('04-03-2025', 'BUS_2', 'LN-2024034', 'Lonwabo', 'Yes', 'Yes'),
('04-03-2025', 'BUS_2', 'LN-2024035', 'Luthando', 'Yes', 'Yes'),
('04-03-2025', 'BUS_2', 'LN-2024036', 'Bandile', 'Yes', 'Yes'),
('04-03-2025', 'BUS_2', 'LN-2024037', 'Thando', 'Yes', 'No'),
('04-03-2025', 'BUS_3', 'LN-2024038', 'Nompumelelo', 'Yes', 'Yes'),
('04-03-2025', 'BUS_3', 'LN-2024039', 'Siphesihle', 'Yes', 'Yes'),
('04-03-2025', 'BUS_3', 'LN-2024040', 'Sizakele', 'Yes', 'Yes'),
('04-03-2025', 'BUS_3', 'LN-2024041', 'Lungelo', 'Yes', 'Yes'),
('04-03-2025', 'BUS_3', 'LN-2024042', 'Ayize', 'Yes', 'Yes'),
('04-03-2025', 'BUS_3', 'LN-2024043', 'Kabelo', 'Yes', 'Yes'),
('04-03-2025', 'BUS_3', 'LN-2024044', 'Ayakha', 'Yes', 'Yes'),
('04-03-2025', 'BUS_3', 'LN-2024045', 'Siyabulela', 'No', 'Yes'),
('04-03-2025', 'BUS_3', 'LN-2024046', 'Sibusiso', 'Yes', 'Yes'),
('04-03-2025', 'BUS_3', 'LN-2024047', 'Nondumiso', 'Yes', 'Yes'),
('04-03-2025', 'BUS_3', 'LN-2024048', 'Amahle', 'Yes', 'Yes'),
('04-03-2025', 'BUS_3', 'LN-2024049', 'Themba', 'Yes', 'Yes'),
('04-03-2025', 'BUS_3', 'LN-2024050', 'Ntombizodwa', 'Yes', 'Yes'),
('04-03-2025', 'BUS_3', 'LN-2024051', 'Mpho', 'Yes', 'Yes'),
('04-03-2025', 'BUS_3', 'LN-2024052', 'Vuyokazi', 'No', 'Yes'),
('05-03-2025', 'BUS_1', 'LN-2024001', 'Thabo', 'Yes', 'Yes'),
('05-03-2025', 'BUS_1', 'LN-2024002', 'Nomthandazo', 'Yes', 'Yes'),
('05-03-2025', 'BUS_1', 'LN-2024003', 'Siyanda', 'Yes', 'Yes'),
('05-03-2025', 'BUS_1', 'LN-2024004', 'Lerato', 'Yes', 'Yes'),
('05-03-2025', 'BUS_1', 'LN-2024005', 'Bongani', 'No', 'Yes'),
('05-03-2025', 'BUS_1', 'LN-2024006', 'Sipho', 'Yes', 'Yes'),
('05-03-2025', 'BUS_1', 'LN-2024007', 'Kgothatso', 'Yes', 'Yes'),
('05-03-2025', 'BUS_1', 'LN-2024008', 'Mandla', 'Yes', 'Yes'),
('05-03-2025', 'BUS_1', 'LN-2024009', 'Nokuthula', 'Yes', 'Yes'),
('05-03-2025', 'BUS_1', 'LN-2024010', 'Lwazi', 'Yes', 'Yes'),
('05-03-2025', 'BUS_1', 'LN-2024011', 'Aisha', 'Yes', 'Yes'),
('05-03-2025', 'BUS_1', 'LN-2024012', 'Thandeka', 'Yes', 'Yes'),
('05-03-2025', 'BUS_1', 'LN-2024013', 'Jabulani', 'Yes', 'Yes'),
('05-03-2025', 'BUS_1', 'LN-2024014', 'Onke', 'Yes', 'Yes'),
('05-03-2025', 'BUS_1', 'LN-2024015', 'Itumeleng', 'No', 'Yes'),
('05-03-2025', 'BUS_1', 'LN-2024016', 'Ayanda', 'Yes', 'Yes'),
('05-03-2025', 'BUS_1', 'LN-2024017', 'Nosipho', 'Yes', 'Yes'),
('05-03-2025', 'BUS_1', 'LN-2024018', 'Sizwe', 'Yes', 'Yes'),
('05-03-2025', 'BUS_1', 'LN-2024019', 'Nontokozo', 'Yes', 'Yes'),
('05-03-2025', 'BUS_1', 'LN-2024020', 'Nokwanda', 'Yes', 'No'),
('05-03-2025', 'BUS_1', 'LN-2024021', 'Xolani', 'Yes', 'Yes'),
('05-03-2025', 'BUS_1', 'LN-2024022', 'Ayabonga', 'Yes', 'No'),
('05-03-2025', 'BUS_1', 'LN-2024023', 'Zanele', 'Yes', 'Yes'),
('05-03-2025', 'BUS_1', 'LN-2024024', 'Sanele', 'Yes', 'Yes'),
('05-03-2025', 'BUS_1', 'LN-2024025', 'Thabang', 'Yes', 'Yes'),
('05-03-2025', 'BUS_1', 'LN-2024026', 'Asanda', 'Yes', 'Yes'),
('05-03-2025', 'BUS_1', 'LN-2024027', 'Khanyisile', 'Yes', 'Yes'),
('05-03-2025', 'BUS_1', 'LN-2024028', 'Simphiwe', 'Yes', 'No'),
('05-03-2025', 'BUS_1', 'LN-2024029', 'Khulani', 'Yes', 'Yes'),
('05-03-2025', 'BUS_2', 'LN-2024030', 'Nomvula', 'Yes', 'Yes'),
('05-03-2025', 'BUS_2', 'LN-2024031', 'Anele', 'Yes', 'Yes'),
('05-03-2025', 'BUS_2', 'LN-2024032', 'Thokozani', 'Yes', 'Yes'),
('05-03-2025', 'BUS_2', 'LN-2024033', 'Ongeziwe', 'Yes', 'Yes'),
('05-03-2025', 'BUS_2', 'LN-2024034', 'Lonwabo', 'Yes', 'Yes'),
('05-03-2025', 'BUS_2', 'LN-2024035', 'Luthando', 'Yes', 'Yes'),
('05-03-2025', 'BUS_2', 'LN-2024036', 'Bandile', 'Yes', 'Yes'),
('05-03-2025', 'BUS_2', 'LN-2024037', 'Thando', 'Yes', 'No'),
('05-03-2025', 'BUS_3', 'LN-2024038', 'Nompumelelo', 'Yes', 'Yes'),
('05-03-2025', 'BUS_3', 'LN-2024039', 'Siphesihle', 'Yes', 'Yes'),
('05-03-2025', 'BUS_3', 'LN-2024040', 'Sizakele', 'Yes', 'Yes'),
('05-03-2025', 'BUS_3', 'LN-2024041', 'Lungelo', 'Yes', 'Yes'),
('05-03-2025', 'BUS_3', 'LN-2024042', 'Ayize', 'Yes', 'Yes'),
('05-03-2025', 'BUS_3', 'LN-2024043', 'Kabelo', 'Yes', 'Yes'),
('05-03-2025', 'BUS_3', 'LN-2024044', 'Ayakha', 'Yes', 'Yes'),
('05-03-2025', 'BUS_3', 'LN-2024045', 'Siyabulela', 'No', 'Yes'),
('05-03-2025', 'BUS_3', 'LN-2024046', 'Sibusiso', 'Yes', 'Yes'),
('05-03-2025', 'BUS_3', 'LN-2024047', 'Nondumiso', 'Yes', 'Yes'),
('05-03-2025', 'BUS_3', 'LN-2024048', 'Amahle', 'Yes', 'Yes'),
('05-03-2025', 'BUS_3', 'LN-2024049', 'Themba', 'Yes', 'Yes'),
('05-03-2025', 'BUS_3', 'LN-2024050', 'Ntombizodwa', 'Yes', 'Yes'),
('05-03-2025', 'BUS_3', 'LN-2024051', 'Mpho', 'Yes', 'Yes'),
('05-03-2025', 'BUS_3', 'LN-2024052', 'Vuyokazi', 'No', 'Yes'),
('06-02-2025', 'BUS_1', 'LN-2024001', 'Thabo', 'Yes', 'Yes'),
('06-02-2025', 'BUS_1', 'LN-2024002', 'Nomthandazo', 'Yes', 'Yes'),
('06-02-2025', 'BUS_1', 'LN-2024003', 'Siyanda', 'Yes', 'Yes'),
('06-02-2025', 'BUS_1', 'LN-2024004', 'Lerato', 'Yes', 'Yes'),
('06-02-2025', 'BUS_1', 'LN-2024005', 'Bongani', 'No', 'Yes'),
('06-02-2025', 'BUS_1', 'LN-2024006', 'Sipho', 'Yes', 'Yes'),
('06-02-2025', 'BUS_1', 'LN-2024007', 'Kgothatso', 'Yes', 'Yes'),
('06-02-2025', 'BUS_1', 'LN-2024008', 'Mandla', 'Yes', 'Yes'),
('06-02-2025', 'BUS_1', 'LN-2024009', 'Nokuthula', 'Yes', 'Yes'),
('06-02-2025', 'BUS_1', 'LN-2024010', 'Lwazi', 'Yes', 'Yes'),
('06-02-2025', 'BUS_1', 'LN-2024011', 'Aisha', 'Yes', 'Yes'),
('06-02-2025', 'BUS_1', 'LN-2024012', 'Thandeka', 'Yes', 'Yes'),
('06-02-2025', 'BUS_1', 'LN-2024013', 'Jabulani', 'Yes', 'Yes'),
('06-02-2025', 'BUS_1', 'LN-2024014', 'Onke', 'Yes', 'Yes'),
('06-02-2025', 'BUS_1', 'LN-2024015', 'Itumeleng', 'No', 'Yes'),
('06-02-2025', 'BUS_1', 'LN-2024016', 'Ayanda', 'Yes', 'Yes'),
('06-02-2025', 'BUS_1', 'LN-2024017', 'Nosipho', 'Yes', 'Yes'),
('06-02-2025', 'BUS_1', 'LN-2024018', 'Sizwe', 'Yes', 'Yes'),
('06-02-2025', 'BUS_1', 'LN-2024019', 'Nontokozo', 'Yes', 'Yes'),
('06-02-2025', 'BUS_1', 'LN-2024020', 'Nokwanda', 'Yes', 'No'),
('06-02-2025', 'BUS_1', 'LN-2024021', 'Xolani', 'Yes', 'Yes'),
('06-02-2025', 'BUS_1', 'LN-2024022', 'Ayabonga', 'Yes', 'No'),
('06-02-2025', 'BUS_1', 'LN-2024023', 'Zanele', 'Yes', 'Yes'),
('06-02-2025', 'BUS_1', 'LN-2024024', 'Sanele', 'Yes', 'Yes'),
('06-02-2025', 'BUS_1', 'LN-2024025', 'Thabang', 'Yes', 'Yes'),
('06-02-2025', 'BUS_1', 'LN-2024026', 'Asanda', 'Yes', 'Yes'),
('06-02-2025', 'BUS_1', 'LN-2024027', 'Khanyisile', 'Yes', 'Yes'),
('06-02-2025', 'BUS_1', 'LN-2024028', 'Simphiwe', 'Yes', 'No'),
('06-02-2025', 'BUS_1', 'LN-2024029', 'Khulani', 'Yes', 'Yes'),
('06-02-2025', 'BUS_2', 'LN-2024030', 'Nomvula', 'Yes', 'Yes'),
('06-02-2025', 'BUS_2', 'LN-2024031', 'Anele', 'Yes', 'Yes'),
('06-02-2025', 'BUS_2', 'LN-2024032', 'Thokozani', 'Yes', 'Yes'),
('06-02-2025', 'BUS_2', 'LN-2024033', 'Ongeziwe', 'Yes', 'Yes'),
('06-02-2025', 'BUS_2', 'LN-2024034', 'Lonwabo', 'Yes', 'Yes'),
('06-02-2025', 'BUS_2', 'LN-2024035', 'Luthando', 'Yes', 'Yes'),
('06-02-2025', 'BUS_2', 'LN-2024036', 'Bandile', 'Yes', 'Yes'),
('06-02-2025', 'BUS_2', 'LN-2024037', 'Thando', 'Yes', 'No'),
('06-02-2025', 'BUS_3', 'LN-2024038', 'Nompumelelo', 'Yes', 'Yes'),
('06-02-2025', 'BUS_3', 'LN-2024039', 'Siphesihle', 'Yes', 'Yes'),
('06-02-2025', 'BUS_3', 'LN-2024040', 'Sizakele', 'Yes', 'Yes'),
('06-02-2025', 'BUS_3', 'LN-2024041', 'Lungelo', 'Yes', 'Yes'),
('06-02-2025', 'BUS_3', 'LN-2024042', 'Ayize', 'Yes', 'Yes'),
('06-02-2025', 'BUS_3', 'LN-2024043', 'Kabelo', 'Yes', 'Yes'),
('06-02-2025', 'BUS_3', 'LN-2024044', 'Ayakha', 'Yes', 'Yes'),
('06-02-2025', 'BUS_3', 'LN-2024045', 'Siyabulela', 'No', 'Yes'),
('06-02-2025', 'BUS_3', 'LN-2024046', 'Sibusiso', 'Yes', 'Yes'),
('06-02-2025', 'BUS_3', 'LN-2024047', 'Nondumiso', 'Yes', 'Yes'),
('06-02-2025', 'BUS_3', 'LN-2024048', 'Amahle', 'Yes', 'Yes'),
('06-02-2025', 'BUS_3', 'LN-2024049', 'Themba', 'Yes', 'Yes'),
('06-02-2025', 'BUS_3', 'LN-2024050', 'Ntombizodwa', 'Yes', 'Yes'),
('06-02-2025', 'BUS_3', 'LN-2024051', 'Mpho', 'Yes', 'Yes'),
('06-02-2025', 'BUS_3', 'LN-2024052', 'Vuyokazi', 'No', 'Yes'),
('06-03-2025', 'BUS_1', 'LN-2024001', 'Thabo', 'Yes', 'Yes'),
('06-03-2025', 'BUS_1', 'LN-2024002', 'Nomthandazo', 'Yes', 'Yes'),
('06-03-2025', 'BUS_1', 'LN-2024003', 'Siyanda', 'Yes', 'Yes'),
('06-03-2025', 'BUS_1', 'LN-2024004', 'Lerato', 'Yes', 'Yes'),
('06-03-2025', 'BUS_1', 'LN-2024005', 'Bongani', 'No', 'Yes'),
('06-03-2025', 'BUS_1', 'LN-2024006', 'Sipho', 'Yes', 'Yes'),
('06-03-2025', 'BUS_1', 'LN-2024007', 'Kgothatso', 'Yes', 'Yes'),
('06-03-2025', 'BUS_1', 'LN-2024008', 'Mandla', 'Yes', 'Yes'),
('06-03-2025', 'BUS_1', 'LN-2024009', 'Nokuthula', 'Yes', 'Yes'),
('06-03-2025', 'BUS_1', 'LN-2024010', 'Lwazi', 'Yes', 'Yes'),
('06-03-2025', 'BUS_1', 'LN-2024011', 'Aisha', 'Yes', 'Yes'),
('06-03-2025', 'BUS_1', 'LN-2024012', 'Thandeka', 'Yes', 'Yes'),
('06-03-2025', 'BUS_1', 'LN-2024013', 'Jabulani', 'Yes', 'Yes'),
('06-03-2025', 'BUS_1', 'LN-2024014', 'Onke', 'Yes', 'Yes'),
('06-03-2025', 'BUS_1', 'LN-2024015', 'Itumeleng', 'No', 'Yes'),
('06-03-2025', 'BUS_1', 'LN-2024016', 'Ayanda', 'Yes', 'Yes'),
('06-03-2025', 'BUS_1', 'LN-2024017', 'Nosipho', 'Yes', 'Yes'),
('06-03-2025', 'BUS_1', 'LN-2024018', 'Sizwe', 'Yes', 'Yes'),
('06-03-2025', 'BUS_1', 'LN-2024019', 'Nontokozo', 'Yes', 'Yes'),
('06-03-2025', 'BUS_1', 'LN-2024020', 'Nokwanda', 'Yes', 'No'),
('06-03-2025', 'BUS_1', 'LN-2024021', 'Xolani', 'Yes', 'Yes'),
('06-03-2025', 'BUS_1', 'LN-2024022', 'Ayabonga', 'Yes', 'No'),
('06-03-2025', 'BUS_1', 'LN-2024023', 'Zanele', 'Yes', 'Yes'),
('06-03-2025', 'BUS_1', 'LN-2024024', 'Sanele', 'Yes', 'Yes'),
('06-03-2025', 'BUS_1', 'LN-2024025', 'Thabang', 'Yes', 'Yes'),
('06-03-2025', 'BUS_1', 'LN-2024026', 'Asanda', 'Yes', 'Yes'),
('06-03-2025', 'BUS_1', 'LN-2024027', 'Khanyisile', 'Yes', 'Yes'),
('06-03-2025', 'BUS_1', 'LN-2024028', 'Simphiwe', 'Yes', 'No'),
('06-03-2025', 'BUS_1', 'LN-2024029', 'Khulani', 'Yes', 'Yes'),
('06-03-2025', 'BUS_2', 'LN-2024030', 'Nomvula', 'Yes', 'Yes'),
('06-03-2025', 'BUS_2', 'LN-2024031', 'Anele', 'Yes', 'Yes'),
('06-03-2025', 'BUS_2', 'LN-2024032', 'Thokozani', 'Yes', 'Yes'),
('06-03-2025', 'BUS_2', 'LN-2024033', 'Ongeziwe', 'Yes', 'Yes'),
('06-03-2025', 'BUS_2', 'LN-2024034', 'Lonwabo', 'Yes', 'Yes'),
('06-03-2025', 'BUS_2', 'LN-2024035', 'Luthando', 'Yes', 'Yes'),
('06-03-2025', 'BUS_2', 'LN-2024036', 'Bandile', 'Yes', 'Yes'),
('06-03-2025', 'BUS_2', 'LN-2024037', 'Thando', 'Yes', 'No'),
('06-03-2025', 'BUS_3', 'LN-2024038', 'Nompumelelo', 'Yes', 'Yes'),
('06-03-2025', 'BUS_3', 'LN-2024039', 'Siphesihle', 'Yes', 'Yes'),
('06-03-2025', 'BUS_3', 'LN-2024040', 'Sizakele', 'Yes', 'Yes'),
('06-03-2025', 'BUS_3', 'LN-2024041', 'Lungelo', 'Yes', 'Yes'),
('06-03-2025', 'BUS_3', 'LN-2024042', 'Ayize', 'Yes', 'Yes'),
('06-03-2025', 'BUS_3', 'LN-2024043', 'Kabelo', 'Yes', 'Yes'),
('06-03-2025', 'BUS_3', 'LN-2024044', 'Ayakha', 'Yes', 'Yes'),
('06-03-2025', 'BUS_3', 'LN-2024045', 'Siyabulela', 'No', 'Yes'),
('06-03-2025', 'BUS_3', 'LN-2024046', 'Sibusiso', 'Yes', 'Yes'),
('06-03-2025', 'BUS_3', 'LN-2024047', 'Nondumiso', 'Yes', 'Yes'),
('06-03-2025', 'BUS_3', 'LN-2024048', 'Amahle', 'Yes', 'Yes'),
('06-03-2025', 'BUS_3', 'LN-2024049', 'Themba', 'Yes', 'Yes'),
('06-03-2025', 'BUS_3', 'LN-2024050', 'Ntombizodwa', 'Yes', 'Yes'),
('06-03-2025', 'BUS_3', 'LN-2024051', 'Mpho', 'Yes', 'Yes'),
('06-03-2025', 'BUS_3', 'LN-2024052', 'Vuyokazi', 'No', 'Yes'),
('07-02-2025', 'BUS_1', 'LN-2024001', 'Thabo', 'Yes', 'Yes'),
('07-02-2025', 'BUS_1', 'LN-2024002', 'Nomthandazo', 'Yes', 'Yes'),
('07-02-2025', 'BUS_1', 'LN-2024003', 'Siyanda', 'Yes', 'Yes'),
('07-02-2025', 'BUS_1', 'LN-2024004', 'Lerato', 'Yes', 'Yes'),
('07-02-2025', 'BUS_1', 'LN-2024005', 'Bongani', 'No', 'Yes'),
('07-02-2025', 'BUS_1', 'LN-2024006', 'Sipho', 'Yes', 'Yes'),
('07-02-2025', 'BUS_1', 'LN-2024007', 'Kgothatso', 'Yes', 'Yes'),
('07-02-2025', 'BUS_1', 'LN-2024008', 'Mandla', 'Yes', 'Yes'),
('07-02-2025', 'BUS_1', 'LN-2024009', 'Nokuthula', 'Yes', 'Yes'),
('07-02-2025', 'BUS_1', 'LN-2024010', 'Lwazi', 'Yes', 'Yes'),
('07-02-2025', 'BUS_1', 'LN-2024011', 'Aisha', 'Yes', 'Yes'),
('07-02-2025', 'BUS_1', 'LN-2024012', 'Thandeka', 'Yes', 'Yes'),
('07-02-2025', 'BUS_1', 'LN-2024013', 'Jabulani', 'Yes', 'Yes'),
('07-02-2025', 'BUS_1', 'LN-2024014', 'Onke', 'Yes', 'Yes'),
('07-02-2025', 'BUS_1', 'LN-2024015', 'Itumeleng', 'No', 'Yes'),
('07-02-2025', 'BUS_1', 'LN-2024016', 'Ayanda', 'Yes', 'Yes'),
('07-02-2025', 'BUS_1', 'LN-2024017', 'Nosipho', 'Yes', 'Yes'),
('07-02-2025', 'BUS_1', 'LN-2024018', 'Sizwe', 'Yes', 'Yes'),
('07-02-2025', 'BUS_1', 'LN-2024019', 'Nontokozo', 'Yes', 'Yes'),
('07-02-2025', 'BUS_1', 'LN-2024020', 'Nokwanda', 'Yes', 'No'),
('07-02-2025', 'BUS_1', 'LN-2024021', 'Xolani', 'Yes', 'Yes'),
('07-02-2025', 'BUS_1', 'LN-2024022', 'Ayabonga', 'Yes', 'No'),
('07-02-2025', 'BUS_1', 'LN-2024023', 'Zanele', 'Yes', 'Yes'),
('07-02-2025', 'BUS_1', 'LN-2024024', 'Sanele', 'Yes', 'Yes'),
('07-02-2025', 'BUS_1', 'LN-2024025', 'Thabang', 'Yes', 'Yes'),
('07-02-2025', 'BUS_1', 'LN-2024026', 'Asanda', 'Yes', 'Yes'),
('07-02-2025', 'BUS_1', 'LN-2024027', 'Khanyisile', 'Yes', 'Yes'),
('07-02-2025', 'BUS_1', 'LN-2024028', 'Simphiwe', 'Yes', 'No'),
('07-02-2025', 'BUS_1', 'LN-2024029', 'Khulani', 'Yes', 'Yes'),
('07-02-2025', 'BUS_2', 'LN-2024030', 'Nomvula', 'Yes', 'Yes'),
('07-02-2025', 'BUS_2', 'LN-2024031', 'Anele', 'Yes', 'Yes'),
('07-02-2025', 'BUS_2', 'LN-2024032', 'Thokozani', 'Yes', 'Yes'),
('07-02-2025', 'BUS_2', 'LN-2024033', 'Ongeziwe', 'Yes', 'Yes'),
('07-02-2025', 'BUS_2', 'LN-2024034', 'Lonwabo', 'Yes', 'Yes'),
('07-02-2025', 'BUS_2', 'LN-2024035', 'Luthando', 'Yes', 'Yes'),
('07-02-2025', 'BUS_2', 'LN-2024036', 'Bandile', 'Yes', 'Yes'),
('07-02-2025', 'BUS_2', 'LN-2024037', 'Thando', 'Yes', 'No'),
('07-02-2025', 'BUS_3', 'LN-2024038', 'Nompumelelo', 'Yes', 'Yes'),
('07-02-2025', 'BUS_3', 'LN-2024039', 'Siphesihle', 'Yes', 'Yes'),
('07-02-2025', 'BUS_3', 'LN-2024040', 'Sizakele', 'Yes', 'Yes'),
('07-02-2025', 'BUS_3', 'LN-2024041', 'Lungelo', 'Yes', 'Yes'),
('07-02-2025', 'BUS_3', 'LN-2024042', 'Ayize', 'Yes', 'Yes'),
('07-02-2025', 'BUS_3', 'LN-2024043', 'Kabelo', 'Yes', 'Yes'),
('07-02-2025', 'BUS_3', 'LN-2024044', 'Ayakha', 'Yes', 'Yes'),
('07-02-2025', 'BUS_3', 'LN-2024045', 'Siyabulela', 'No', 'Yes'),
('07-02-2025', 'BUS_3', 'LN-2024046', 'Sibusiso', 'Yes', 'Yes'),
('07-02-2025', 'BUS_3', 'LN-2024047', 'Nondumiso', 'Yes', 'Yes'),
('07-02-2025', 'BUS_3', 'LN-2024048', 'Amahle', 'Yes', 'Yes'),
('07-02-2025', 'BUS_3', 'LN-2024049', 'Themba', 'Yes', 'Yes'),
('07-02-2025', 'BUS_3', 'LN-2024050', 'Ntombizodwa', 'Yes', 'Yes'),
('07-02-2025', 'BUS_3', 'LN-2024051', 'Mpho', 'Yes', 'Yes'),
('07-02-2025', 'BUS_3', 'LN-2024052', 'Vuyokazi', 'No', 'Yes'),
('07-03-2025', 'BUS_1', 'LN-2024001', 'Thabo', 'Yes', 'Yes'),
('07-03-2025', 'BUS_1', 'LN-2024002', 'Nomthandazo', 'Yes', 'Yes'),
('07-03-2025', 'BUS_1', 'LN-2024003', 'Siyanda', 'Yes', 'Yes'),
('07-03-2025', 'BUS_1', 'LN-2024004', 'Lerato', 'Yes', 'Yes'),
('07-03-2025', 'BUS_1', 'LN-2024005', 'Bongani', 'No', 'Yes'),
('07-03-2025', 'BUS_1', 'LN-2024006', 'Sipho', 'Yes', 'Yes'),
('07-03-2025', 'BUS_1', 'LN-2024007', 'Kgothatso', 'Yes', 'Yes'),
('07-03-2025', 'BUS_1', 'LN-2024008', 'Mandla', 'Yes', 'Yes'),
('07-03-2025', 'BUS_1', 'LN-2024009', 'Nokuthula', 'Yes', 'Yes'),
('07-03-2025', 'BUS_1', 'LN-2024010', 'Lwazi', 'Yes', 'Yes'),
('07-03-2025', 'BUS_1', 'LN-2024011', 'Aisha', 'Yes', 'Yes'),
('07-03-2025', 'BUS_1', 'LN-2024012', 'Thandeka', 'Yes', 'Yes'),
('07-03-2025', 'BUS_1', 'LN-2024013', 'Jabulani', 'Yes', 'Yes'),
('07-03-2025', 'BUS_1', 'LN-2024014', 'Onke', 'Yes', 'Yes'),
('07-03-2025', 'BUS_1', 'LN-2024015', 'Itumeleng', 'No', 'Yes'),
('07-03-2025', 'BUS_1', 'LN-2024016', 'Ayanda', 'Yes', 'Yes'),
('07-03-2025', 'BUS_1', 'LN-2024017', 'Nosipho', 'Yes', 'Yes'),
('07-03-2025', 'BUS_1', 'LN-2024018', 'Sizwe', 'Yes', 'Yes'),
('07-03-2025', 'BUS_1', 'LN-2024019', 'Nontokozo', 'Yes', 'Yes'),
('07-03-2025', 'BUS_1', 'LN-2024020', 'Nokwanda', 'Yes', 'No'),
('07-03-2025', 'BUS_1', 'LN-2024021', 'Xolani', 'Yes', 'Yes'),
('07-03-2025', 'BUS_1', 'LN-2024022', 'Ayabonga', 'Yes', 'No'),
('07-03-2025', 'BUS_1', 'LN-2024023', 'Zanele', 'Yes', 'Yes'),
('07-03-2025', 'BUS_1', 'LN-2024024', 'Sanele', 'Yes', 'Yes'),
('07-03-2025', 'BUS_1', 'LN-2024025', 'Thabang', 'Yes', 'Yes'),
('07-03-2025', 'BUS_1', 'LN-2024026', 'Asanda', 'Yes', 'Yes'),
('07-03-2025', 'BUS_1', 'LN-2024027', 'Khanyisile', 'Yes', 'Yes'),
('07-03-2025', 'BUS_1', 'LN-2024028', 'Simphiwe', 'Yes', 'No'),
('07-03-2025', 'BUS_1', 'LN-2024029', 'Khulani', 'Yes', 'Yes'),
('07-03-2025', 'BUS_2', 'LN-2024030', 'Nomvula', 'Yes', 'Yes'),
('07-03-2025', 'BUS_2', 'LN-2024031', 'Anele', 'Yes', 'Yes'),
('07-03-2025', 'BUS_2', 'LN-2024032', 'Thokozani', 'Yes', 'Yes'),
('07-03-2025', 'BUS_2', 'LN-2024033', 'Ongeziwe', 'Yes', 'Yes'),
('07-03-2025', 'BUS_2', 'LN-2024034', 'Lonwabo', 'Yes', 'Yes'),
('07-03-2025', 'BUS_2', 'LN-2024035', 'Luthando', 'Yes', 'Yes'),
('07-03-2025', 'BUS_2', 'LN-2024036', 'Bandile', 'Yes', 'Yes'),
('07-03-2025', 'BUS_2', 'LN-2024037', 'Thando', 'Yes', 'No'),
('07-03-2025', 'BUS_3', 'LN-2024038', 'Nompumelelo', 'Yes', 'Yes'),
('07-03-2025', 'BUS_3', 'LN-2024039', 'Siphesihle', 'Yes', 'Yes'),
('07-03-2025', 'BUS_3', 'LN-2024040', 'Sizakele', 'Yes', 'Yes'),
('07-03-2025', 'BUS_3', 'LN-2024041', 'Lungelo', 'Yes', 'Yes'),
('07-03-2025', 'BUS_3', 'LN-2024042', 'Ayize', 'Yes', 'Yes'),
('07-03-2025', 'BUS_3', 'LN-2024043', 'Kabelo', 'Yes', 'Yes'),
('07-03-2025', 'BUS_3', 'LN-2024044', 'Ayakha', 'Yes', 'Yes'),
('07-03-2025', 'BUS_3', 'LN-2024045', 'Siyabulela', 'No', 'Yes'),
('07-03-2025', 'BUS_3', 'LN-2024046', 'Sibusiso', 'Yes', 'Yes'),
('07-03-2025', 'BUS_3', 'LN-2024047', 'Nondumiso', 'Yes', 'Yes'),
('07-03-2025', 'BUS_3', 'LN-2024048', 'Amahle', 'Yes', 'Yes'),
('07-03-2025', 'BUS_3', 'LN-2024049', 'Themba', 'Yes', 'Yes'),
('07-03-2025', 'BUS_3', 'LN-2024050', 'Ntombizodwa', 'Yes', 'Yes'),
('07-03-2025', 'BUS_3', 'LN-2024051', 'Mpho', 'Yes', 'Yes'),
('07-03-2025', 'BUS_3', 'LN-2024052', 'Vuyokazi', 'No', 'Yes'),
('10-02-2025', 'BUS_1', 'LN-2024001', 'Thabo', 'Yes', 'Yes'),
('10-02-2025', 'BUS_1', 'LN-2024002', 'Nomthandazo', 'Yes', 'Yes'),
('10-02-2025', 'BUS_1', 'LN-2024003', 'Siyanda', 'Yes', 'Yes'),
('10-02-2025', 'BUS_1', 'LN-2024004', 'Lerato', 'Yes', 'Yes'),
('10-02-2025', 'BUS_1', 'LN-2024005', 'Bongani', 'No', 'Yes'),
('10-02-2025', 'BUS_1', 'LN-2024006', 'Sipho', 'Yes', 'Yes'),
('10-02-2025', 'BUS_1', 'LN-2024007', 'Kgothatso', 'Yes', 'Yes'),
('10-02-2025', 'BUS_1', 'LN-2024008', 'Mandla', 'Yes', 'Yes'),
('10-02-2025', 'BUS_1', 'LN-2024009', 'Nokuthula', 'Yes', 'Yes'),
('10-02-2025', 'BUS_1', 'LN-2024010', 'Lwazi', 'Yes', 'Yes'),
('10-02-2025', 'BUS_1', 'LN-2024011', 'Aisha', 'Yes', 'Yes'),
('10-02-2025', 'BUS_1', 'LN-2024012', 'Thandeka', 'Yes', 'Yes'),
('10-02-2025', 'BUS_1', 'LN-2024013', 'Jabulani', 'Yes', 'Yes'),
('10-02-2025', 'BUS_1', 'LN-2024014', 'Onke', 'Yes', 'Yes'),
('10-02-2025', 'BUS_1', 'LN-2024015', 'Itumeleng', 'No', 'Yes'),
('10-02-2025', 'BUS_1', 'LN-2024016', 'Ayanda', 'Yes', 'Yes'),
('10-02-2025', 'BUS_1', 'LN-2024017', 'Nosipho', 'Yes', 'Yes'),
('10-02-2025', 'BUS_1', 'LN-2024018', 'Sizwe', 'Yes', 'Yes'),
('10-02-2025', 'BUS_1', 'LN-2024019', 'Nontokozo', 'Yes', 'Yes'),
('10-02-2025', 'BUS_1', 'LN-2024020', 'Nokwanda', 'Yes', 'No'),
('10-02-2025', 'BUS_1', 'LN-2024021', 'Xolani', 'Yes', 'Yes'),
('10-02-2025', 'BUS_1', 'LN-2024022', 'Ayabonga', 'Yes', 'No'),
('10-02-2025', 'BUS_1', 'LN-2024023', 'Zanele', 'Yes', 'Yes'),
('10-02-2025', 'BUS_1', 'LN-2024024', 'Sanele', 'Yes', 'Yes'),
('10-02-2025', 'BUS_1', 'LN-2024025', 'Thabang', 'Yes', 'Yes'),
('10-02-2025', 'BUS_1', 'LN-2024026', 'Asanda', 'Yes', 'Yes'),
('10-02-2025', 'BUS_1', 'LN-2024027', 'Khanyisile', 'Yes', 'Yes'),
('10-02-2025', 'BUS_1', 'LN-2024028', 'Simphiwe', 'Yes', 'No'),
('10-02-2025', 'BUS_1', 'LN-2024029', 'Khulani', 'Yes', 'Yes'),
('10-02-2025', 'BUS_2', 'LN-2024030', 'Nomvula', 'Yes', 'Yes'),
('10-02-2025', 'BUS_2', 'LN-2024031', 'Anele', 'Yes', 'Yes'),
('10-02-2025', 'BUS_2', 'LN-2024032', 'Thokozani', 'Yes', 'Yes'),
('10-02-2025', 'BUS_2', 'LN-2024033', 'Ongeziwe', 'Yes', 'Yes'),
('10-02-2025', 'BUS_2', 'LN-2024034', 'Lonwabo', 'Yes', 'Yes'),
('10-02-2025', 'BUS_2', 'LN-2024035', 'Luthando', 'Yes', 'Yes'),
('10-02-2025', 'BUS_2', 'LN-2024036', 'Bandile', 'Yes', 'Yes'),
('10-02-2025', 'BUS_2', 'LN-2024037', 'Thando', 'Yes', 'No'),
('10-02-2025', 'BUS_3', 'LN-2024038', 'Nompumelelo', 'Yes', 'Yes'),
('10-02-2025', 'BUS_3', 'LN-2024039', 'Siphesihle', 'Yes', 'Yes'),
('10-02-2025', 'BUS_3', 'LN-2024040', 'Sizakele', 'Yes', 'Yes'),
('10-02-2025', 'BUS_3', 'LN-2024041', 'Lungelo', 'Yes', 'Yes'),
('10-02-2025', 'BUS_3', 'LN-2024042', 'Ayize', 'Yes', 'Yes'),
('10-02-2025', 'BUS_3', 'LN-2024043', 'Kabelo', 'Yes', 'Yes'),
('10-02-2025', 'BUS_3', 'LN-2024044', 'Ayakha', 'Yes', 'Yes'),
('10-02-2025', 'BUS_3', 'LN-2024045', 'Siyabulela', 'No', 'Yes'),
('10-02-2025', 'BUS_3', 'LN-2024046', 'Sibusiso', 'Yes', 'Yes'),
('10-02-2025', 'BUS_3', 'LN-2024047', 'Nondumiso', 'Yes', 'Yes'),
('10-02-2025', 'BUS_3', 'LN-2024048', 'Amahle', 'Yes', 'Yes'),
('10-02-2025', 'BUS_3', 'LN-2024049', 'Themba', 'Yes', 'Yes'),
('10-02-2025', 'BUS_3', 'LN-2024050', 'Ntombizodwa', 'Yes', 'Yes'),
('10-02-2025', 'BUS_3', 'LN-2024051', 'Mpho', 'Yes', 'Yes'),
('10-02-2025', 'BUS_3', 'LN-2024052', 'Vuyokazi', 'No', 'Yes'),
('10-03-2025', 'BUS_1', 'LN-2024001', 'Thabo', 'Yes', 'Yes'),
('10-03-2025', 'BUS_1', 'LN-2024002', 'Nomthandazo', 'Yes', 'Yes'),
('10-03-2025', 'BUS_1', 'LN-2024003', 'Siyanda', 'Yes', 'Yes'),
('10-03-2025', 'BUS_1', 'LN-2024004', 'Lerato', 'Yes', 'Yes'),
('10-03-2025', 'BUS_1', 'LN-2024005', 'Bongani', 'No', 'Yes'),
('10-03-2025', 'BUS_1', 'LN-2024006', 'Sipho', 'Yes', 'Yes'),
('10-03-2025', 'BUS_1', 'LN-2024007', 'Kgothatso', 'Yes', 'Yes'),
('10-03-2025', 'BUS_1', 'LN-2024008', 'Mandla', 'Yes', 'Yes'),
('10-03-2025', 'BUS_1', 'LN-2024009', 'Nokuthula', 'Yes', 'Yes'),
('10-03-2025', 'BUS_1', 'LN-2024010', 'Lwazi', 'Yes', 'Yes'),
('10-03-2025', 'BUS_1', 'LN-2024011', 'Aisha', 'Yes', 'Yes'),
('10-03-2025', 'BUS_1', 'LN-2024012', 'Thandeka', 'Yes', 'Yes'),
('10-03-2025', 'BUS_1', 'LN-2024013', 'Jabulani', 'Yes', 'Yes'),
('10-03-2025', 'BUS_1', 'LN-2024014', 'Onke', 'Yes', 'Yes'),
('10-03-2025', 'BUS_1', 'LN-2024015', 'Itumeleng', 'No', 'Yes'),
('10-03-2025', 'BUS_1', 'LN-2024016', 'Ayanda', 'Yes', 'Yes'),
('10-03-2025', 'BUS_1', 'LN-2024017', 'Nosipho', 'Yes', 'Yes'),
('10-03-2025', 'BUS_1', 'LN-2024018', 'Sizwe', 'Yes', 'Yes'),
('10-03-2025', 'BUS_1', 'LN-2024019', 'Nontokozo', 'Yes', 'Yes'),
('10-03-2025', 'BUS_1', 'LN-2024020', 'Nokwanda', 'Yes', 'No'),
('10-03-2025', 'BUS_1', 'LN-2024021', 'Xolani', 'Yes', 'Yes'),
('10-03-2025', 'BUS_1', 'LN-2024022', 'Ayabonga', 'Yes', 'No'),
('10-03-2025', 'BUS_1', 'LN-2024023', 'Zanele', 'Yes', 'Yes'),
('10-03-2025', 'BUS_1', 'LN-2024024', 'Sanele', 'Yes', 'Yes'),
('10-03-2025', 'BUS_1', 'LN-2024025', 'Thabang', 'Yes', 'Yes'),
('10-03-2025', 'BUS_1', 'LN-2024026', 'Asanda', 'Yes', 'Yes'),
('10-03-2025', 'BUS_1', 'LN-2024027', 'Khanyisile', 'Yes', 'Yes'),
('10-03-2025', 'BUS_1', 'LN-2024028', 'Simphiwe', 'Yes', 'No'),
('10-03-2025', 'BUS_1', 'LN-2024029', 'Khulani', 'Yes', 'Yes'),
('10-03-2025', 'BUS_2', 'LN-2024030', 'Nomvula', 'Yes', 'Yes'),
('10-03-2025', 'BUS_2', 'LN-2024031', 'Anele', 'Yes', 'Yes'),
('10-03-2025', 'BUS_2', 'LN-2024032', 'Thokozani', 'Yes', 'Yes'),
('10-03-2025', 'BUS_2', 'LN-2024033', 'Ongeziwe', 'Yes', 'Yes'),
('10-03-2025', 'BUS_2', 'LN-2024034', 'Lonwabo', 'Yes', 'Yes'),
('10-03-2025', 'BUS_2', 'LN-2024035', 'Luthando', 'Yes', 'Yes'),
('10-03-2025', 'BUS_2', 'LN-2024036', 'Bandile', 'Yes', 'Yes'),
('10-03-2025', 'BUS_2', 'LN-2024037', 'Thando', 'Yes', 'No'),
('10-03-2025', 'BUS_3', 'LN-2024038', 'Nompumelelo', 'Yes', 'Yes'),
('10-03-2025', 'BUS_3', 'LN-2024039', 'Siphesihle', 'Yes', 'Yes'),
('10-03-2025', 'BUS_3', 'LN-2024040', 'Sizakele', 'Yes', 'Yes'),
('10-03-2025', 'BUS_3', 'LN-2024041', 'Lungelo', 'Yes', 'Yes'),
('10-03-2025', 'BUS_3', 'LN-2024042', 'Ayize', 'Yes', 'Yes'),
('10-03-2025', 'BUS_3', 'LN-2024043', 'Kabelo', 'Yes', 'Yes'),
('10-03-2025', 'BUS_3', 'LN-2024044', 'Ayakha', 'Yes', 'Yes'),
('10-03-2025', 'BUS_3', 'LN-2024045', 'Siyabulela', 'No', 'Yes'),
('10-03-2025', 'BUS_3', 'LN-2024046', 'Sibusiso', 'Yes', 'Yes'),
('10-03-2025', 'BUS_3', 'LN-2024047', 'Nondumiso', 'Yes', 'Yes'),
('10-03-2025', 'BUS_3', 'LN-2024048', 'Amahle', 'Yes', 'Yes'),
('10-03-2025', 'BUS_3', 'LN-2024049', 'Themba', 'Yes', 'Yes'),
('10-03-2025', 'BUS_3', 'LN-2024050', 'Ntombizodwa', 'Yes', 'Yes'),
('10-03-2025', 'BUS_3', 'LN-2024051', 'Mpho', 'Yes', 'Yes'),
('10-03-2025', 'BUS_3', 'LN-2024052', 'Vuyokazi', 'No', 'Yes'),
('11-02-2025', 'BUS_1', 'LN-2024001', 'Thabo', 'Yes', 'Yes'),
('11-02-2025', 'BUS_1', 'LN-2024002', 'Nomthandazo', 'Yes', 'Yes'),
('11-02-2025', 'BUS_1', 'LN-2024003', 'Siyanda', 'Yes', 'Yes'),
('11-02-2025', 'BUS_1', 'LN-2024004', 'Lerato', 'Yes', 'Yes'),
('11-02-2025', 'BUS_1', 'LN-2024005', 'Bongani', 'No', 'Yes'),
('11-02-2025', 'BUS_1', 'LN-2024006', 'Sipho', 'Yes', 'Yes'),
('11-02-2025', 'BUS_1', 'LN-2024007', 'Kgothatso', 'Yes', 'Yes'),
('11-02-2025', 'BUS_1', 'LN-2024008', 'Mandla', 'Yes', 'Yes'),
('11-02-2025', 'BUS_1', 'LN-2024009', 'Nokuthula', 'Yes', 'Yes'),
('11-02-2025', 'BUS_1', 'LN-2024010', 'Lwazi', 'Yes', 'Yes'),
('11-02-2025', 'BUS_1', 'LN-2024011', 'Aisha', 'Yes', 'Yes'),
('11-02-2025', 'BUS_1', 'LN-2024012', 'Thandeka', 'Yes', 'Yes'),
('11-02-2025', 'BUS_1', 'LN-2024013', 'Jabulani', 'Yes', 'Yes'),
('11-02-2025', 'BUS_1', 'LN-2024014', 'Onke', 'Yes', 'Yes'),
('11-02-2025', 'BUS_1', 'LN-2024015', 'Itumeleng', 'No', 'Yes'),
('11-02-2025', 'BUS_1', 'LN-2024016', 'Ayanda', 'Yes', 'Yes'),
('11-02-2025', 'BUS_1', 'LN-2024017', 'Nosipho', 'Yes', 'Yes'),
('11-02-2025', 'BUS_1', 'LN-2024018', 'Sizwe', 'Yes', 'Yes'),
('11-02-2025', 'BUS_1', 'LN-2024019', 'Nontokozo', 'Yes', 'Yes'),
('11-02-2025', 'BUS_1', 'LN-2024020', 'Nokwanda', 'Yes', 'No'),
('11-02-2025', 'BUS_1', 'LN-2024021', 'Xolani', 'Yes', 'Yes'),
('11-02-2025', 'BUS_1', 'LN-2024022', 'Ayabonga', 'Yes', 'No'),
('11-02-2025', 'BUS_1', 'LN-2024023', 'Zanele', 'Yes', 'Yes'),
('11-02-2025', 'BUS_1', 'LN-2024024', 'Sanele', 'Yes', 'Yes'),
('11-02-2025', 'BUS_1', 'LN-2024025', 'Thabang', 'Yes', 'Yes'),
('11-02-2025', 'BUS_1', 'LN-2024026', 'Asanda', 'Yes', 'Yes'),
('11-02-2025', 'BUS_1', 'LN-2024027', 'Khanyisile', 'Yes', 'Yes'),
('11-02-2025', 'BUS_1', 'LN-2024028', 'Simphiwe', 'Yes', 'No'),
('11-02-2025', 'BUS_1', 'LN-2024029', 'Khulani', 'Yes', 'Yes'),
('11-02-2025', 'BUS_2', 'LN-2024030', 'Nomvula', 'Yes', 'Yes'),
('11-02-2025', 'BUS_2', 'LN-2024031', 'Anele', 'Yes', 'Yes'),
('11-02-2025', 'BUS_2', 'LN-2024032', 'Thokozani', 'Yes', 'Yes'),
('11-02-2025', 'BUS_2', 'LN-2024033', 'Ongeziwe', 'Yes', 'Yes'),
('11-02-2025', 'BUS_2', 'LN-2024034', 'Lonwabo', 'Yes', 'Yes'),
('11-02-2025', 'BUS_2', 'LN-2024035', 'Luthando', 'Yes', 'Yes'),
('11-02-2025', 'BUS_2', 'LN-2024036', 'Bandile', 'Yes', 'Yes'),
('11-02-2025', 'BUS_2', 'LN-2024037', 'Thando', 'Yes', 'No'),
('11-02-2025', 'BUS_3', 'LN-2024038', 'Nompumelelo', 'Yes', 'Yes'),
('11-02-2025', 'BUS_3', 'LN-2024039', 'Siphesihle', 'Yes', 'Yes'),
('11-02-2025', 'BUS_3', 'LN-2024040', 'Sizakele', 'Yes', 'Yes'),
('11-02-2025', 'BUS_3', 'LN-2024041', 'Lungelo', 'Yes', 'Yes'),
('11-02-2025', 'BUS_3', 'LN-2024042', 'Ayize', 'Yes', 'Yes'),
('11-02-2025', 'BUS_3', 'LN-2024043', 'Kabelo', 'Yes', 'Yes'),
('11-02-2025', 'BUS_3', 'LN-2024044', 'Ayakha', 'Yes', 'Yes'),
('11-02-2025', 'BUS_3', 'LN-2024045', 'Siyabulela', 'No', 'Yes'),
('11-02-2025', 'BUS_3', 'LN-2024046', 'Sibusiso', 'Yes', 'Yes'),
('11-02-2025', 'BUS_3', 'LN-2024047', 'Nondumiso', 'Yes', 'Yes'),
('11-02-2025', 'BUS_3', 'LN-2024048', 'Amahle', 'Yes', 'Yes'),
('11-02-2025', 'BUS_3', 'LN-2024049', 'Themba', 'Yes', 'Yes'),
('11-02-2025', 'BUS_3', 'LN-2024050', 'Ntombizodwa', 'Yes', 'Yes'),
('11-02-2025', 'BUS_3', 'LN-2024051', 'Mpho', 'Yes', 'Yes'),
('11-02-2025', 'BUS_3', 'LN-2024052', 'Vuyokazi', 'No', 'Yes'),
('11-03-2025', 'BUS_1', 'LN-2024001', 'Thabo', 'Yes', 'Yes'),
('11-03-2025', 'BUS_1', 'LN-2024002', 'Nomthandazo', 'Yes', 'Yes'),
('11-03-2025', 'BUS_1', 'LN-2024003', 'Siyanda', 'Yes', 'Yes'),
('11-03-2025', 'BUS_1', 'LN-2024004', 'Lerato', 'Yes', 'Yes'),
('11-03-2025', 'BUS_1', 'LN-2024005', 'Bongani', 'No', 'Yes'),
('11-03-2025', 'BUS_1', 'LN-2024006', 'Sipho', 'Yes', 'Yes'),
('11-03-2025', 'BUS_1', 'LN-2024007', 'Kgothatso', 'Yes', 'Yes'),
('11-03-2025', 'BUS_1', 'LN-2024008', 'Mandla', 'Yes', 'Yes'),
('11-03-2025', 'BUS_1', 'LN-2024009', 'Nokuthula', 'Yes', 'Yes'),
('11-03-2025', 'BUS_1', 'LN-2024010', 'Lwazi', 'Yes', 'Yes'),
('11-03-2025', 'BUS_1', 'LN-2024011', 'Aisha', 'Yes', 'Yes'),
('11-03-2025', 'BUS_1', 'LN-2024012', 'Thandeka', 'Yes', 'Yes'),
('11-03-2025', 'BUS_1', 'LN-2024013', 'Jabulani', 'Yes', 'Yes'),
('11-03-2025', 'BUS_1', 'LN-2024014', 'Onke', 'Yes', 'Yes'),
('11-03-2025', 'BUS_1', 'LN-2024015', 'Itumeleng', 'No', 'Yes'),
('11-03-2025', 'BUS_1', 'LN-2024016', 'Ayanda', 'Yes', 'Yes'),
('11-03-2025', 'BUS_1', 'LN-2024017', 'Nosipho', 'Yes', 'Yes'),
('11-03-2025', 'BUS_1', 'LN-2024018', 'Sizwe', 'Yes', 'Yes'),
('11-03-2025', 'BUS_1', 'LN-2024019', 'Nontokozo', 'Yes', 'Yes'),
('11-03-2025', 'BUS_1', 'LN-2024020', 'Nokwanda', 'Yes', 'No'),
('11-03-2025', 'BUS_1', 'LN-2024021', 'Xolani', 'Yes', 'Yes'),
('11-03-2025', 'BUS_1', 'LN-2024022', 'Ayabonga', 'Yes', 'No'),
('11-03-2025', 'BUS_1', 'LN-2024023', 'Zanele', 'Yes', 'Yes'),
('11-03-2025', 'BUS_1', 'LN-2024024', 'Sanele', 'Yes', 'Yes'),
('11-03-2025', 'BUS_1', 'LN-2024025', 'Thabang', 'Yes', 'Yes'),
('11-03-2025', 'BUS_1', 'LN-2024026', 'Asanda', 'Yes', 'Yes'),
('11-03-2025', 'BUS_1', 'LN-2024027', 'Khanyisile', 'Yes', 'Yes'),
('11-03-2025', 'BUS_1', 'LN-2024028', 'Simphiwe', 'Yes', 'No'),
('11-03-2025', 'BUS_1', 'LN-2024029', 'Khulani', 'Yes', 'Yes'),
('11-03-2025', 'BUS_2', 'LN-2024030', 'Nomvula', 'Yes', 'Yes'),
('11-03-2025', 'BUS_2', 'LN-2024031', 'Anele', 'Yes', 'Yes'),
('11-03-2025', 'BUS_2', 'LN-2024032', 'Thokozani', 'Yes', 'Yes'),
('11-03-2025', 'BUS_2', 'LN-2024033', 'Ongeziwe', 'Yes', 'Yes'),
('11-03-2025', 'BUS_2', 'LN-2024034', 'Lonwabo', 'Yes', 'Yes'),
('11-03-2025', 'BUS_2', 'LN-2024035', 'Luthando', 'Yes', 'Yes'),
('11-03-2025', 'BUS_2', 'LN-2024036', 'Bandile', 'Yes', 'Yes'),
('11-03-2025', 'BUS_2', 'LN-2024037', 'Thando', 'Yes', 'No'),
('11-03-2025', 'BUS_3', 'LN-2024038', 'Nompumelelo', 'Yes', 'Yes'),
('11-03-2025', 'BUS_3', 'LN-2024039', 'Siphesihle', 'Yes', 'Yes'),
('11-03-2025', 'BUS_3', 'LN-2024040', 'Sizakele', 'Yes', 'Yes'),
('11-03-2025', 'BUS_3', 'LN-2024041', 'Lungelo', 'Yes', 'Yes'),
('11-03-2025', 'BUS_3', 'LN-2024042', 'Ayize', 'Yes', 'Yes'),
('11-03-2025', 'BUS_3', 'LN-2024043', 'Kabelo', 'Yes', 'Yes'),
('11-03-2025', 'BUS_3', 'LN-2024044', 'Ayakha', 'Yes', 'Yes'),
('11-03-2025', 'BUS_3', 'LN-2024045', 'Siyabulela', 'No', 'Yes'),
('11-03-2025', 'BUS_3', 'LN-2024046', 'Sibusiso', 'Yes', 'Yes'),
('11-03-2025', 'BUS_3', 'LN-2024047', 'Nondumiso', 'Yes', 'Yes'),
('11-03-2025', 'BUS_3', 'LN-2024048', 'Amahle', 'Yes', 'Yes'),
('11-03-2025', 'BUS_3', 'LN-2024049', 'Themba', 'Yes', 'Yes'),
('11-03-2025', 'BUS_3', 'LN-2024050', 'Ntombizodwa', 'Yes', 'Yes'),
('11-03-2025', 'BUS_3', 'LN-2024051', 'Mpho', 'Yes', 'Yes'),
('11-03-2025', 'BUS_3', 'LN-2024052', 'Vuyokazi', 'No', 'Yes'),
('12-02-2025', 'BUS_1', 'LN-2024001', 'Thabo', 'Yes', 'Yes'),
('12-02-2025', 'BUS_1', 'LN-2024002', 'Nomthandazo', 'Yes', 'Yes'),
('12-02-2025', 'BUS_1', 'LN-2024003', 'Siyanda', 'Yes', 'Yes'),
('12-02-2025', 'BUS_1', 'LN-2024004', 'Lerato', 'Yes', 'Yes'),
('12-02-2025', 'BUS_1', 'LN-2024005', 'Bongani', 'No', 'Yes'),
('12-02-2025', 'BUS_1', 'LN-2024006', 'Sipho', 'Yes', 'Yes'),
('12-02-2025', 'BUS_1', 'LN-2024007', 'Kgothatso', 'Yes', 'Yes'),
('12-02-2025', 'BUS_1', 'LN-2024008', 'Mandla', 'Yes', 'Yes'),
('12-02-2025', 'BUS_1', 'LN-2024009', 'Nokuthula', 'Yes', 'Yes'),
('12-02-2025', 'BUS_1', 'LN-2024010', 'Lwazi', 'Yes', 'Yes'),
('12-02-2025', 'BUS_1', 'LN-2024011', 'Aisha', 'Yes', 'Yes'),
('12-02-2025', 'BUS_1', 'LN-2024012', 'Thandeka', 'Yes', 'Yes'),
('12-02-2025', 'BUS_1', 'LN-2024013', 'Jabulani', 'Yes', 'Yes'),
('12-02-2025', 'BUS_1', 'LN-2024014', 'Onke', 'Yes', 'Yes'),
('12-02-2025', 'BUS_1', 'LN-2024015', 'Itumeleng', 'No', 'Yes'),
('12-02-2025', 'BUS_1', 'LN-2024016', 'Ayanda', 'Yes', 'Yes'),
('12-02-2025', 'BUS_1', 'LN-2024017', 'Nosipho', 'Yes', 'Yes'),
('12-02-2025', 'BUS_1', 'LN-2024018', 'Sizwe', 'Yes', 'Yes'),
('12-02-2025', 'BUS_1', 'LN-2024019', 'Nontokozo', 'Yes', 'Yes'),
('12-02-2025', 'BUS_1', 'LN-2024020', 'Nokwanda', 'Yes', 'No'),
('12-02-2025', 'BUS_1', 'LN-2024021', 'Xolani', 'Yes', 'Yes'),
('12-02-2025', 'BUS_1', 'LN-2024022', 'Ayabonga', 'Yes', 'No'),
('12-02-2025', 'BUS_1', 'LN-2024023', 'Zanele', 'Yes', 'Yes'),
('12-02-2025', 'BUS_1', 'LN-2024024', 'Sanele', 'Yes', 'Yes'),
('12-02-2025', 'BUS_1', 'LN-2024025', 'Thabang', 'Yes', 'Yes'),
('12-02-2025', 'BUS_1', 'LN-2024026', 'Asanda', 'Yes', 'Yes'),
('12-02-2025', 'BUS_1', 'LN-2024027', 'Khanyisile', 'Yes', 'Yes'),
('12-02-2025', 'BUS_1', 'LN-2024028', 'Simphiwe', 'Yes', 'No'),
('12-02-2025', 'BUS_1', 'LN-2024029', 'Khulani', 'Yes', 'Yes'),
('12-02-2025', 'BUS_2', 'LN-2024030', 'Nomvula', 'Yes', 'Yes'),
('12-02-2025', 'BUS_2', 'LN-2024031', 'Anele', 'Yes', 'Yes'),
('12-02-2025', 'BUS_2', 'LN-2024032', 'Thokozani', 'Yes', 'Yes'),
('12-02-2025', 'BUS_2', 'LN-2024033', 'Ongeziwe', 'Yes', 'Yes'),
('12-02-2025', 'BUS_2', 'LN-2024034', 'Lonwabo', 'Yes', 'Yes'),
('12-02-2025', 'BUS_2', 'LN-2024035', 'Luthando', 'Yes', 'Yes'),
('12-02-2025', 'BUS_2', 'LN-2024036', 'Bandile', 'Yes', 'Yes'),
('12-02-2025', 'BUS_2', 'LN-2024037', 'Thando', 'Yes', 'No'),
('12-02-2025', 'BUS_3', 'LN-2024038', 'Nompumelelo', 'Yes', 'Yes'),
('12-02-2025', 'BUS_3', 'LN-2024039', 'Siphesihle', 'Yes', 'Yes'),
('12-02-2025', 'BUS_3', 'LN-2024040', 'Sizakele', 'Yes', 'Yes'),
('12-02-2025', 'BUS_3', 'LN-2024041', 'Lungelo', 'Yes', 'Yes'),
('12-02-2025', 'BUS_3', 'LN-2024042', 'Ayize', 'Yes', 'Yes'),
('12-02-2025', 'BUS_3', 'LN-2024043', 'Kabelo', 'Yes', 'Yes'),
('12-02-2025', 'BUS_3', 'LN-2024044', 'Ayakha', 'Yes', 'Yes'),
('12-02-2025', 'BUS_3', 'LN-2024045', 'Siyabulela', 'No', 'Yes'),
('12-02-2025', 'BUS_3', 'LN-2024046', 'Sibusiso', 'Yes', 'Yes'),
('12-02-2025', 'BUS_3', 'LN-2024047', 'Nondumiso', 'Yes', 'Yes'),
('12-02-2025', 'BUS_3', 'LN-2024048', 'Amahle', 'Yes', 'Yes'),
('12-02-2025', 'BUS_3', 'LN-2024049', 'Themba', 'Yes', 'Yes'),
('12-02-2025', 'BUS_3', 'LN-2024050', 'Ntombizodwa', 'Yes', 'Yes'),
('12-02-2025', 'BUS_3', 'LN-2024051', 'Mpho', 'Yes', 'Yes'),
('12-02-2025', 'BUS_3', 'LN-2024052', 'Vuyokazi', 'No', 'Yes'),
('12-03-2025', 'BUS_1', 'LN-2024001', 'Thabo', 'Yes', 'Yes'),
('12-03-2025', 'BUS_1', 'LN-2024002', 'Nomthandazo', 'Yes', 'Yes'),
('12-03-2025', 'BUS_1', 'LN-2024003', 'Siyanda', 'Yes', 'Yes'),
('12-03-2025', 'BUS_1', 'LN-2024004', 'Lerato', 'Yes', 'Yes'),
('12-03-2025', 'BUS_1', 'LN-2024005', 'Bongani', 'No', 'Yes'),
('12-03-2025', 'BUS_1', 'LN-2024006', 'Sipho', 'Yes', 'Yes'),
('12-03-2025', 'BUS_1', 'LN-2024007', 'Kgothatso', 'Yes', 'Yes'),
('12-03-2025', 'BUS_1', 'LN-2024008', 'Mandla', 'Yes', 'Yes'),
('12-03-2025', 'BUS_1', 'LN-2024009', 'Nokuthula', 'Yes', 'Yes'),
('12-03-2025', 'BUS_1', 'LN-2024010', 'Lwazi', 'Yes', 'Yes'),
('12-03-2025', 'BUS_1', 'LN-2024011', 'Aisha', 'Yes', 'Yes'),
('12-03-2025', 'BUS_1', 'LN-2024012', 'Thandeka', 'Yes', 'Yes'),
('12-03-2025', 'BUS_1', 'LN-2024013', 'Jabulani', 'Yes', 'Yes'),
('12-03-2025', 'BUS_1', 'LN-2024014', 'Onke', 'Yes', 'Yes'),
('12-03-2025', 'BUS_1', 'LN-2024015', 'Itumeleng', 'No', 'Yes'),
('12-03-2025', 'BUS_1', 'LN-2024016', 'Ayanda', 'Yes', 'Yes'),
('12-03-2025', 'BUS_1', 'LN-2024017', 'Nosipho', 'Yes', 'Yes'),
('12-03-2025', 'BUS_1', 'LN-2024018', 'Sizwe', 'Yes', 'Yes'),
('12-03-2025', 'BUS_1', 'LN-2024019', 'Nontokozo', 'Yes', 'Yes'),
('12-03-2025', 'BUS_1', 'LN-2024020', 'Nokwanda', 'Yes', 'No'),
('12-03-2025', 'BUS_1', 'LN-2024021', 'Xolani', 'Yes', 'Yes'),
('12-03-2025', 'BUS_1', 'LN-2024022', 'Ayabonga', 'Yes', 'No'),
('12-03-2025', 'BUS_1', 'LN-2024023', 'Zanele', 'Yes', 'Yes'),
('12-03-2025', 'BUS_1', 'LN-2024024', 'Sanele', 'Yes', 'Yes'),
('12-03-2025', 'BUS_1', 'LN-2024025', 'Thabang', 'Yes', 'Yes'),
('12-03-2025', 'BUS_1', 'LN-2024026', 'Asanda', 'Yes', 'Yes'),
('12-03-2025', 'BUS_1', 'LN-2024027', 'Khanyisile', 'Yes', 'Yes'),
('12-03-2025', 'BUS_1', 'LN-2024028', 'Simphiwe', 'Yes', 'No'),
('12-03-2025', 'BUS_1', 'LN-2024029', 'Khulani', 'Yes', 'Yes'),
('12-03-2025', 'BUS_2', 'LN-2024030', 'Nomvula', 'Yes', 'Yes'),
('12-03-2025', 'BUS_2', 'LN-2024031', 'Anele', 'Yes', 'Yes'),
('12-03-2025', 'BUS_2', 'LN-2024032', 'Thokozani', 'Yes', 'Yes'),
('12-03-2025', 'BUS_2', 'LN-2024033', 'Ongeziwe', 'Yes', 'Yes'),
('12-03-2025', 'BUS_2', 'LN-2024034', 'Lonwabo', 'Yes', 'Yes'),
('12-03-2025', 'BUS_2', 'LN-2024035', 'Luthando', 'Yes', 'Yes'),
('12-03-2025', 'BUS_2', 'LN-2024036', 'Bandile', 'Yes', 'Yes'),
('12-03-2025', 'BUS_2', 'LN-2024037', 'Thando', 'Yes', 'No'),
('12-03-2025', 'BUS_3', 'LN-2024038', 'Nompumelelo', 'Yes', 'Yes'),
('12-03-2025', 'BUS_3', 'LN-2024039', 'Siphesihle', 'Yes', 'Yes'),
('12-03-2025', 'BUS_3', 'LN-2024040', 'Sizakele', 'Yes', 'Yes'),
('12-03-2025', 'BUS_3', 'LN-2024041', 'Lungelo', 'Yes', 'Yes'),
('12-03-2025', 'BUS_3', 'LN-2024042', 'Ayize', 'Yes', 'Yes'),
('12-03-2025', 'BUS_3', 'LN-2024043', 'Kabelo', 'Yes', 'Yes'),
('12-03-2025', 'BUS_3', 'LN-2024044', 'Ayakha', 'Yes', 'Yes'),
('12-03-2025', 'BUS_3', 'LN-2024045', 'Siyabulela', 'No', 'Yes'),
('12-03-2025', 'BUS_3', 'LN-2024046', 'Sibusiso', 'Yes', 'Yes'),
('12-03-2025', 'BUS_3', 'LN-2024047', 'Nondumiso', 'Yes', 'Yes'),
('12-03-2025', 'BUS_3', 'LN-2024048', 'Amahle', 'Yes', 'Yes'),
('12-03-2025', 'BUS_3', 'LN-2024049', 'Themba', 'Yes', 'Yes'),
('12-03-2025', 'BUS_3', 'LN-2024050', 'Ntombizodwa', 'Yes', 'Yes'),
('12-03-2025', 'BUS_3', 'LN-2024051', 'Mpho', 'Yes', 'Yes'),
('12-03-2025', 'BUS_3', 'LN-2024052', 'Vuyokazi', 'No', 'Yes'),
('13-02-2025', 'BUS_1', 'LN-2024001', 'Thabo', 'Yes', 'Yes'),
('13-02-2025', 'BUS_1', 'LN-2024002', 'Nomthandazo', 'Yes', 'Yes'),
('13-02-2025', 'BUS_1', 'LN-2024003', 'Siyanda', 'Yes', 'Yes'),
('13-02-2025', 'BUS_1', 'LN-2024004', 'Lerato', 'Yes', 'Yes'),
('13-02-2025', 'BUS_1', 'LN-2024005', 'Bongani', 'No', 'Yes'),
('13-02-2025', 'BUS_1', 'LN-2024006', 'Sipho', 'Yes', 'Yes'),
('13-02-2025', 'BUS_1', 'LN-2024007', 'Kgothatso', 'Yes', 'Yes'),
('13-02-2025', 'BUS_1', 'LN-2024008', 'Mandla', 'Yes', 'Yes'),
('13-02-2025', 'BUS_1', 'LN-2024009', 'Nokuthula', 'Yes', 'Yes'),
('13-02-2025', 'BUS_1', 'LN-2024010', 'Lwazi', 'Yes', 'Yes'),
('13-02-2025', 'BUS_1', 'LN-2024011', 'Aisha', 'Yes', 'Yes'),
('13-02-2025', 'BUS_1', 'LN-2024012', 'Thandeka', 'Yes', 'Yes'),
('13-02-2025', 'BUS_1', 'LN-2024013', 'Jabulani', 'Yes', 'Yes'),
('13-02-2025', 'BUS_1', 'LN-2024014', 'Onke', 'Yes', 'Yes'),
('13-02-2025', 'BUS_1', 'LN-2024015', 'Itumeleng', 'No', 'Yes'),
('13-02-2025', 'BUS_1', 'LN-2024016', 'Ayanda', 'Yes', 'Yes'),
('13-02-2025', 'BUS_1', 'LN-2024017', 'Nosipho', 'Yes', 'Yes'),
('13-02-2025', 'BUS_1', 'LN-2024018', 'Sizwe', 'Yes', 'Yes'),
('13-02-2025', 'BUS_1', 'LN-2024019', 'Nontokozo', 'Yes', 'Yes'),
('13-02-2025', 'BUS_1', 'LN-2024020', 'Nokwanda', 'Yes', 'No'),
('13-02-2025', 'BUS_1', 'LN-2024021', 'Xolani', 'Yes', 'Yes'),
('13-02-2025', 'BUS_1', 'LN-2024022', 'Ayabonga', 'Yes', 'No'),
('13-02-2025', 'BUS_1', 'LN-2024023', 'Zanele', 'Yes', 'Yes'),
('13-02-2025', 'BUS_1', 'LN-2024024', 'Sanele', 'Yes', 'Yes'),
('13-02-2025', 'BUS_1', 'LN-2024025', 'Thabang', 'Yes', 'Yes'),
('13-02-2025', 'BUS_1', 'LN-2024026', 'Asanda', 'Yes', 'Yes'),
('13-02-2025', 'BUS_1', 'LN-2024027', 'Khanyisile', 'Yes', 'Yes'),
('13-02-2025', 'BUS_1', 'LN-2024028', 'Simphiwe', 'Yes', 'No'),
('13-02-2025', 'BUS_1', 'LN-2024029', 'Khulani', 'Yes', 'Yes'),
('13-02-2025', 'BUS_2', 'LN-2024030', 'Nomvula', 'Yes', 'Yes'),
('13-02-2025', 'BUS_2', 'LN-2024031', 'Anele', 'Yes', 'Yes'),
('13-02-2025', 'BUS_2', 'LN-2024032', 'Thokozani', 'Yes', 'Yes'),
('13-02-2025', 'BUS_2', 'LN-2024033', 'Ongeziwe', 'Yes', 'Yes'),
('13-02-2025', 'BUS_2', 'LN-2024034', 'Lonwabo', 'Yes', 'Yes'),
('13-02-2025', 'BUS_2', 'LN-2024035', 'Luthando', 'Yes', 'Yes'),
('13-02-2025', 'BUS_2', 'LN-2024036', 'Bandile', 'Yes', 'Yes'),
('13-02-2025', 'BUS_2', 'LN-2024037', 'Thando', 'Yes', 'No'),
('13-02-2025', 'BUS_3', 'LN-2024038', 'Nompumelelo', 'Yes', 'Yes'),
('13-02-2025', 'BUS_3', 'LN-2024039', 'Siphesihle', 'Yes', 'Yes'),
('13-02-2025', 'BUS_3', 'LN-2024040', 'Sizakele', 'Yes', 'Yes'),
('13-02-2025', 'BUS_3', 'LN-2024041', 'Lungelo', 'Yes', 'Yes'),
('13-02-2025', 'BUS_3', 'LN-2024042', 'Ayize', 'Yes', 'Yes'),
('13-02-2025', 'BUS_3', 'LN-2024043', 'Kabelo', 'Yes', 'Yes'),
('13-02-2025', 'BUS_3', 'LN-2024044', 'Ayakha', 'Yes', 'Yes'),
('13-02-2025', 'BUS_3', 'LN-2024045', 'Siyabulela', 'No', 'Yes'),
('13-02-2025', 'BUS_3', 'LN-2024046', 'Sibusiso', 'Yes', 'Yes'),
('13-02-2025', 'BUS_3', 'LN-2024047', 'Nondumiso', 'Yes', 'Yes'),
('13-02-2025', 'BUS_3', 'LN-2024048', 'Amahle', 'Yes', 'Yes'),
('13-02-2025', 'BUS_3', 'LN-2024049', 'Themba', 'Yes', 'Yes'),
('13-02-2025', 'BUS_3', 'LN-2024050', 'Ntombizodwa', 'Yes', 'Yes'),
('13-02-2025', 'BUS_3', 'LN-2024051', 'Mpho', 'Yes', 'Yes'),
('13-02-2025', 'BUS_3', 'LN-2024052', 'Vuyokazi', 'No', 'Yes'),
('13-03-2025', 'BUS_1', 'LN-2024001', 'Thabo', 'Yes', 'Yes'),
('13-03-2025', 'BUS_1', 'LN-2024002', 'Nomthandazo', 'Yes', 'Yes'),
('13-03-2025', 'BUS_1', 'LN-2024003', 'Siyanda', 'Yes', 'Yes'),
('13-03-2025', 'BUS_1', 'LN-2024004', 'Lerato', 'Yes', 'Yes'),
('13-03-2025', 'BUS_1', 'LN-2024005', 'Bongani', 'No', 'Yes'),
('13-03-2025', 'BUS_1', 'LN-2024006', 'Sipho', 'Yes', 'Yes'),
('13-03-2025', 'BUS_1', 'LN-2024007', 'Kgothatso', 'Yes', 'Yes'),
('13-03-2025', 'BUS_1', 'LN-2024008', 'Mandla', 'Yes', 'Yes'),
('13-03-2025', 'BUS_1', 'LN-2024009', 'Nokuthula', 'Yes', 'Yes'),
('13-03-2025', 'BUS_1', 'LN-2024010', 'Lwazi', 'Yes', 'Yes'),
('13-03-2025', 'BUS_1', 'LN-2024011', 'Aisha', 'Yes', 'Yes'),
('13-03-2025', 'BUS_1', 'LN-2024012', 'Thandeka', 'Yes', 'Yes'),
('13-03-2025', 'BUS_1', 'LN-2024013', 'Jabulani', 'Yes', 'Yes'),
('13-03-2025', 'BUS_1', 'LN-2024014', 'Onke', 'Yes', 'Yes'),
('13-03-2025', 'BUS_1', 'LN-2024015', 'Itumeleng', 'No', 'Yes'),
('13-03-2025', 'BUS_1', 'LN-2024016', 'Ayanda', 'Yes', 'Yes'),
('13-03-2025', 'BUS_1', 'LN-2024017', 'Nosipho', 'Yes', 'Yes'),
('13-03-2025', 'BUS_1', 'LN-2024018', 'Sizwe', 'Yes', 'Yes'),
('13-03-2025', 'BUS_1', 'LN-2024019', 'Nontokozo', 'Yes', 'Yes'),
('13-03-2025', 'BUS_1', 'LN-2024020', 'Nokwanda', 'Yes', 'No'),
('13-03-2025', 'BUS_1', 'LN-2024021', 'Xolani', 'Yes', 'Yes'),
('13-03-2025', 'BUS_1', 'LN-2024022', 'Ayabonga', 'Yes', 'No'),
('13-03-2025', 'BUS_1', 'LN-2024023', 'Zanele', 'Yes', 'Yes'),
('13-03-2025', 'BUS_1', 'LN-2024024', 'Sanele', 'Yes', 'Yes'),
('13-03-2025', 'BUS_1', 'LN-2024025', 'Thabang', 'Yes', 'Yes'),
('13-03-2025', 'BUS_1', 'LN-2024026', 'Asanda', 'Yes', 'Yes'),
('13-03-2025', 'BUS_1', 'LN-2024027', 'Khanyisile', 'Yes', 'Yes'),
('13-03-2025', 'BUS_1', 'LN-2024028', 'Simphiwe', 'Yes', 'No'),
('13-03-2025', 'BUS_1', 'LN-2024029', 'Khulani', 'Yes', 'Yes'),
('13-03-2025', 'BUS_2', 'LN-2024030', 'Nomvula', 'Yes', 'Yes'),
('13-03-2025', 'BUS_2', 'LN-2024031', 'Anele', 'Yes', 'Yes'),
('13-03-2025', 'BUS_2', 'LN-2024032', 'Thokozani', 'Yes', 'Yes'),
('13-03-2025', 'BUS_2', 'LN-2024033', 'Ongeziwe', 'Yes', 'Yes'),
('13-03-2025', 'BUS_2', 'LN-2024034', 'Lonwabo', 'Yes', 'Yes'),
('13-03-2025', 'BUS_2', 'LN-2024035', 'Luthando', 'Yes', 'Yes'),
('13-03-2025', 'BUS_2', 'LN-2024036', 'Bandile', 'Yes', 'Yes'),
('13-03-2025', 'BUS_2', 'LN-2024037', 'Thando', 'Yes', 'No'),
('13-03-2025', 'BUS_3', 'LN-2024038', 'Nompumelelo', 'Yes', 'Yes'),
('13-03-2025', 'BUS_3', 'LN-2024039', 'Siphesihle', 'Yes', 'Yes'),
('13-03-2025', 'BUS_3', 'LN-2024040', 'Sizakele', 'Yes', 'Yes'),
('13-03-2025', 'BUS_3', 'LN-2024041', 'Lungelo', 'Yes', 'Yes'),
('13-03-2025', 'BUS_3', 'LN-2024042', 'Ayize', 'Yes', 'Yes'),
('13-03-2025', 'BUS_3', 'LN-2024043', 'Kabelo', 'Yes', 'Yes'),
('13-03-2025', 'BUS_3', 'LN-2024044', 'Ayakha', 'Yes', 'Yes'),
('13-03-2025', 'BUS_3', 'LN-2024045', 'Siyabulela', 'No', 'Yes'),
('13-03-2025', 'BUS_3', 'LN-2024046', 'Sibusiso', 'Yes', 'Yes'),
('13-03-2025', 'BUS_3', 'LN-2024047', 'Nondumiso', 'Yes', 'Yes'),
('13-03-2025', 'BUS_3', 'LN-2024048', 'Amahle', 'Yes', 'Yes'),
('13-03-2025', 'BUS_3', 'LN-2024049', 'Themba', 'Yes', 'Yes'),
('13-03-2025', 'BUS_3', 'LN-2024050', 'Ntombizodwa', 'Yes', 'Yes'),
('13-03-2025', 'BUS_3', 'LN-2024051', 'Mpho', 'Yes', 'Yes'),
('13-03-2025', 'BUS_3', 'LN-2024052', 'Vuyokazi', 'No', 'Yes'),
('14-02-2025', 'BUS_1', 'LN-2024001', 'Thabo', 'Yes', 'Yes'),
('14-02-2025', 'BUS_1', 'LN-2024002', 'Nomthandazo', 'Yes', 'Yes'),
('14-02-2025', 'BUS_1', 'LN-2024003', 'Siyanda', 'Yes', 'Yes'),
('14-02-2025', 'BUS_1', 'LN-2024004', 'Lerato', 'Yes', 'Yes'),
('14-02-2025', 'BUS_1', 'LN-2024005', 'Bongani', 'No', 'Yes'),
('14-02-2025', 'BUS_1', 'LN-2024006', 'Sipho', 'Yes', 'Yes'),
('14-02-2025', 'BUS_1', 'LN-2024007', 'Kgothatso', 'Yes', 'Yes'),
('14-02-2025', 'BUS_1', 'LN-2024008', 'Mandla', 'Yes', 'Yes'),
('14-02-2025', 'BUS_1', 'LN-2024009', 'Nokuthula', 'Yes', 'Yes'),
('14-02-2025', 'BUS_1', 'LN-2024010', 'Lwazi', 'Yes', 'Yes'),
('14-02-2025', 'BUS_1', 'LN-2024011', 'Aisha', 'Yes', 'Yes'),
('14-02-2025', 'BUS_1', 'LN-2024012', 'Thandeka', 'Yes', 'Yes'),
('14-02-2025', 'BUS_1', 'LN-2024013', 'Jabulani', 'Yes', 'Yes'),
('14-02-2025', 'BUS_1', 'LN-2024014', 'Onke', 'Yes', 'Yes'),
('14-02-2025', 'BUS_1', 'LN-2024015', 'Itumeleng', 'No', 'Yes'),
('14-02-2025', 'BUS_1', 'LN-2024016', 'Ayanda', 'Yes', 'Yes'),
('14-02-2025', 'BUS_1', 'LN-2024017', 'Nosipho', 'Yes', 'Yes'),
('14-02-2025', 'BUS_1', 'LN-2024018', 'Sizwe', 'Yes', 'Yes'),
('14-02-2025', 'BUS_1', 'LN-2024019', 'Nontokozo', 'Yes', 'Yes'),
('14-02-2025', 'BUS_1', 'LN-2024020', 'Nokwanda', 'Yes', 'No'),
('14-02-2025', 'BUS_1', 'LN-2024021', 'Xolani', 'Yes', 'Yes'),
('14-02-2025', 'BUS_1', 'LN-2024022', 'Ayabonga', 'Yes', 'No'),
('14-02-2025', 'BUS_1', 'LN-2024023', 'Zanele', 'Yes', 'Yes');
INSERT INTO `daily_register` (`TRIP_DATE`, `BUS_NUM`, `LEARNER_NUM`, `NAME AND SURNAME`, `MORNING`, `AFTERNOON`) VALUES
('14-02-2025', 'BUS_1', 'LN-2024024', 'Sanele', 'Yes', 'Yes'),
('14-02-2025', 'BUS_1', 'LN-2024025', 'Thabang', 'Yes', 'Yes'),
('14-02-2025', 'BUS_1', 'LN-2024026', 'Asanda', 'Yes', 'Yes'),
('14-02-2025', 'BUS_1', 'LN-2024027', 'Khanyisile', 'Yes', 'Yes'),
('14-02-2025', 'BUS_1', 'LN-2024028', 'Simphiwe', 'Yes', 'No'),
('14-02-2025', 'BUS_1', 'LN-2024029', 'Khulani', 'Yes', 'Yes'),
('14-02-2025', 'BUS_2', 'LN-2024030', 'Nomvula', 'Yes', 'Yes'),
('14-02-2025', 'BUS_2', 'LN-2024031', 'Anele', 'Yes', 'Yes'),
('14-02-2025', 'BUS_2', 'LN-2024032', 'Thokozani', 'Yes', 'Yes'),
('14-02-2025', 'BUS_2', 'LN-2024033', 'Ongeziwe', 'Yes', 'Yes'),
('14-02-2025', 'BUS_2', 'LN-2024034', 'Lonwabo', 'Yes', 'Yes'),
('14-02-2025', 'BUS_2', 'LN-2024035', 'Luthando', 'Yes', 'Yes'),
('14-02-2025', 'BUS_2', 'LN-2024036', 'Bandile', 'Yes', 'Yes'),
('14-02-2025', 'BUS_2', 'LN-2024037', 'Thando', 'Yes', 'No'),
('14-02-2025', 'BUS_3', 'LN-2024038', 'Nompumelelo', 'Yes', 'Yes'),
('14-02-2025', 'BUS_3', 'LN-2024039', 'Siphesihle', 'Yes', 'Yes'),
('14-02-2025', 'BUS_3', 'LN-2024040', 'Sizakele', 'Yes', 'Yes'),
('14-02-2025', 'BUS_3', 'LN-2024041', 'Lungelo', 'Yes', 'Yes'),
('14-02-2025', 'BUS_3', 'LN-2024042', 'Ayize', 'Yes', 'Yes'),
('14-02-2025', 'BUS_3', 'LN-2024043', 'Kabelo', 'Yes', 'Yes'),
('14-02-2025', 'BUS_3', 'LN-2024044', 'Ayakha', 'Yes', 'Yes'),
('14-02-2025', 'BUS_3', 'LN-2024045', 'Siyabulela', 'No', 'Yes'),
('14-02-2025', 'BUS_3', 'LN-2024046', 'Sibusiso', 'Yes', 'Yes'),
('14-02-2025', 'BUS_3', 'LN-2024047', 'Nondumiso', 'Yes', 'Yes'),
('14-02-2025', 'BUS_3', 'LN-2024048', 'Amahle', 'Yes', 'Yes'),
('14-02-2025', 'BUS_3', 'LN-2024049', 'Themba', 'Yes', 'Yes'),
('14-02-2025', 'BUS_3', 'LN-2024050', 'Ntombizodwa', 'Yes', 'Yes'),
('14-02-2025', 'BUS_3', 'LN-2024051', 'Mpho', 'Yes', 'Yes'),
('14-02-2025', 'BUS_3', 'LN-2024052', 'Vuyokazi', 'No', 'Yes'),
('14-03-2025', 'BUS_1', 'LN-2024001', 'Thabo', 'Yes', 'Yes'),
('14-03-2025', 'BUS_1', 'LN-2024002', 'Nomthandazo', 'Yes', 'Yes'),
('14-03-2025', 'BUS_1', 'LN-2024003', 'Siyanda', 'Yes', 'Yes'),
('14-03-2025', 'BUS_1', 'LN-2024004', 'Lerato', 'Yes', 'Yes'),
('14-03-2025', 'BUS_1', 'LN-2024005', 'Bongani', 'No', 'Yes'),
('14-03-2025', 'BUS_1', 'LN-2024006', 'Sipho', 'Yes', 'Yes'),
('14-03-2025', 'BUS_1', 'LN-2024007', 'Kgothatso', 'Yes', 'Yes'),
('14-03-2025', 'BUS_1', 'LN-2024008', 'Mandla', 'Yes', 'Yes'),
('14-03-2025', 'BUS_1', 'LN-2024009', 'Nokuthula', 'Yes', 'Yes'),
('14-03-2025', 'BUS_1', 'LN-2024010', 'Lwazi', 'Yes', 'Yes'),
('14-03-2025', 'BUS_1', 'LN-2024011', 'Aisha', 'Yes', 'Yes'),
('14-03-2025', 'BUS_1', 'LN-2024012', 'Thandeka', 'Yes', 'Yes'),
('14-03-2025', 'BUS_1', 'LN-2024013', 'Jabulani', 'Yes', 'Yes'),
('14-03-2025', 'BUS_1', 'LN-2024014', 'Onke', 'Yes', 'Yes'),
('14-03-2025', 'BUS_1', 'LN-2024015', 'Itumeleng', 'No', 'Yes'),
('14-03-2025', 'BUS_1', 'LN-2024016', 'Ayanda', 'Yes', 'Yes'),
('14-03-2025', 'BUS_1', 'LN-2024017', 'Nosipho', 'Yes', 'Yes'),
('14-03-2025', 'BUS_1', 'LN-2024018', 'Sizwe', 'Yes', 'Yes'),
('14-03-2025', 'BUS_1', 'LN-2024019', 'Nontokozo', 'Yes', 'Yes'),
('14-03-2025', 'BUS_1', 'LN-2024020', 'Nokwanda', 'Yes', 'No'),
('14-03-2025', 'BUS_1', 'LN-2024021', 'Xolani', 'Yes', 'Yes'),
('14-03-2025', 'BUS_1', 'LN-2024022', 'Ayabonga', 'Yes', 'No'),
('14-03-2025', 'BUS_1', 'LN-2024023', 'Zanele', 'Yes', 'Yes'),
('14-03-2025', 'BUS_1', 'LN-2024024', 'Sanele', 'Yes', 'Yes'),
('14-03-2025', 'BUS_1', 'LN-2024025', 'Thabang', 'Yes', 'Yes'),
('14-03-2025', 'BUS_1', 'LN-2024026', 'Asanda', 'Yes', 'Yes'),
('14-03-2025', 'BUS_1', 'LN-2024027', 'Khanyisile', 'Yes', 'Yes'),
('14-03-2025', 'BUS_1', 'LN-2024028', 'Simphiwe', 'Yes', 'No'),
('14-03-2025', 'BUS_1', 'LN-2024029', 'Khulani', 'Yes', 'Yes'),
('14-03-2025', 'BUS_2', 'LN-2024030', 'Nomvula', 'Yes', 'Yes'),
('14-03-2025', 'BUS_2', 'LN-2024031', 'Anele', 'Yes', 'Yes'),
('14-03-2025', 'BUS_2', 'LN-2024032', 'Thokozani', 'Yes', 'Yes'),
('14-03-2025', 'BUS_2', 'LN-2024033', 'Ongeziwe', 'Yes', 'Yes'),
('14-03-2025', 'BUS_2', 'LN-2024034', 'Lonwabo', 'Yes', 'Yes'),
('14-03-2025', 'BUS_2', 'LN-2024035', 'Luthando', 'Yes', 'Yes'),
('14-03-2025', 'BUS_2', 'LN-2024036', 'Bandile', 'Yes', 'Yes'),
('14-03-2025', 'BUS_2', 'LN-2024037', 'Thando', 'Yes', 'No'),
('14-03-2025', 'BUS_3', 'LN-2024038', 'Nompumelelo', 'Yes', 'Yes'),
('14-03-2025', 'BUS_3', 'LN-2024039', 'Siphesihle', 'Yes', 'Yes'),
('14-03-2025', 'BUS_3', 'LN-2024040', 'Sizakele', 'Yes', 'Yes'),
('14-03-2025', 'BUS_3', 'LN-2024041', 'Lungelo', 'Yes', 'Yes'),
('14-03-2025', 'BUS_3', 'LN-2024042', 'Ayize', 'Yes', 'Yes'),
('14-03-2025', 'BUS_3', 'LN-2024043', 'Kabelo', 'Yes', 'Yes'),
('14-03-2025', 'BUS_3', 'LN-2024044', 'Ayakha', 'Yes', 'Yes'),
('14-03-2025', 'BUS_3', 'LN-2024045', 'Siyabulela', 'No', 'Yes'),
('14-03-2025', 'BUS_3', 'LN-2024046', 'Sibusiso', 'Yes', 'Yes'),
('14-03-2025', 'BUS_3', 'LN-2024047', 'Nondumiso', 'Yes', 'Yes'),
('14-03-2025', 'BUS_3', 'LN-2024048', 'Amahle', 'Yes', 'Yes'),
('14-03-2025', 'BUS_3', 'LN-2024049', 'Themba', 'Yes', 'Yes'),
('14-03-2025', 'BUS_3', 'LN-2024050', 'Ntombizodwa', 'Yes', 'Yes'),
('14-03-2025', 'BUS_3', 'LN-2024051', 'Mpho', 'Yes', 'Yes'),
('14-03-2025', 'BUS_3', 'LN-2024052', 'Vuyokazi', 'No', 'Yes'),
('17-02-2025', 'BUS_1', 'LN-2024001', 'Thabo', 'Yes', 'Yes'),
('17-02-2025', 'BUS_1', 'LN-2024002', 'Nomthandazo', 'Yes', 'Yes'),
('17-02-2025', 'BUS_1', 'LN-2024003', 'Siyanda', 'Yes', 'Yes'),
('17-02-2025', 'BUS_1', 'LN-2024004', 'Lerato', 'Yes', 'Yes'),
('17-02-2025', 'BUS_1', 'LN-2024005', 'Bongani', 'No', 'Yes'),
('17-02-2025', 'BUS_1', 'LN-2024006', 'Sipho', 'Yes', 'Yes'),
('17-02-2025', 'BUS_1', 'LN-2024007', 'Kgothatso', 'Yes', 'Yes'),
('17-02-2025', 'BUS_1', 'LN-2024008', 'Mandla', 'Yes', 'Yes'),
('17-02-2025', 'BUS_1', 'LN-2024009', 'Nokuthula', 'Yes', 'Yes'),
('17-02-2025', 'BUS_1', 'LN-2024010', 'Lwazi', 'Yes', 'Yes'),
('17-02-2025', 'BUS_1', 'LN-2024011', 'Aisha', 'Yes', 'Yes'),
('17-02-2025', 'BUS_1', 'LN-2024012', 'Thandeka', 'Yes', 'Yes'),
('17-02-2025', 'BUS_1', 'LN-2024013', 'Jabulani', 'Yes', 'Yes'),
('17-02-2025', 'BUS_1', 'LN-2024014', 'Onke', 'Yes', 'Yes'),
('17-02-2025', 'BUS_1', 'LN-2024015', 'Itumeleng', 'No', 'Yes'),
('17-02-2025', 'BUS_1', 'LN-2024016', 'Ayanda', 'Yes', 'Yes'),
('17-02-2025', 'BUS_1', 'LN-2024017', 'Nosipho', 'Yes', 'Yes'),
('17-02-2025', 'BUS_1', 'LN-2024018', 'Sizwe', 'Yes', 'Yes'),
('17-02-2025', 'BUS_1', 'LN-2024019', 'Nontokozo', 'Yes', 'Yes'),
('17-02-2025', 'BUS_1', 'LN-2024020', 'Nokwanda', 'Yes', 'No'),
('17-02-2025', 'BUS_1', 'LN-2024021', 'Xolani', 'Yes', 'Yes'),
('17-02-2025', 'BUS_1', 'LN-2024022', 'Ayabonga', 'Yes', 'No'),
('17-02-2025', 'BUS_1', 'LN-2024023', 'Zanele', 'Yes', 'Yes'),
('17-02-2025', 'BUS_1', 'LN-2024024', 'Sanele', 'Yes', 'Yes'),
('17-02-2025', 'BUS_1', 'LN-2024025', 'Thabang', 'Yes', 'Yes'),
('17-02-2025', 'BUS_1', 'LN-2024026', 'Asanda', 'Yes', 'Yes'),
('17-02-2025', 'BUS_1', 'LN-2024027', 'Khanyisile', 'Yes', 'Yes'),
('17-02-2025', 'BUS_1', 'LN-2024028', 'Simphiwe', 'Yes', 'No'),
('17-02-2025', 'BUS_1', 'LN-2024029', 'Khulani', 'Yes', 'Yes'),
('17-02-2025', 'BUS_2', 'LN-2024030', 'Nomvula', 'Yes', 'Yes'),
('17-02-2025', 'BUS_2', 'LN-2024031', 'Anele', 'Yes', 'Yes'),
('17-02-2025', 'BUS_2', 'LN-2024032', 'Thokozani', 'Yes', 'Yes'),
('17-02-2025', 'BUS_2', 'LN-2024033', 'Ongeziwe', 'Yes', 'Yes'),
('17-02-2025', 'BUS_2', 'LN-2024034', 'Lonwabo', 'Yes', 'Yes'),
('17-02-2025', 'BUS_2', 'LN-2024035', 'Luthando', 'Yes', 'Yes'),
('17-02-2025', 'BUS_2', 'LN-2024036', 'Bandile', 'Yes', 'Yes'),
('17-02-2025', 'BUS_2', 'LN-2024037', 'Thando', 'Yes', 'No'),
('17-02-2025', 'BUS_3', 'LN-2024038', 'Nompumelelo', 'Yes', 'Yes'),
('17-02-2025', 'BUS_3', 'LN-2024039', 'Siphesihle', 'Yes', 'Yes'),
('17-02-2025', 'BUS_3', 'LN-2024040', 'Sizakele', 'Yes', 'Yes'),
('17-02-2025', 'BUS_3', 'LN-2024041', 'Lungelo', 'Yes', 'Yes'),
('17-02-2025', 'BUS_3', 'LN-2024042', 'Ayize', 'Yes', 'Yes'),
('17-02-2025', 'BUS_3', 'LN-2024043', 'Kabelo', 'Yes', 'Yes'),
('17-02-2025', 'BUS_3', 'LN-2024044', 'Ayakha', 'Yes', 'Yes'),
('17-02-2025', 'BUS_3', 'LN-2024045', 'Siyabulela', 'No', 'Yes'),
('17-02-2025', 'BUS_3', 'LN-2024046', 'Sibusiso', 'Yes', 'Yes'),
('17-02-2025', 'BUS_3', 'LN-2024047', 'Nondumiso', 'Yes', 'Yes'),
('17-02-2025', 'BUS_3', 'LN-2024048', 'Amahle', 'Yes', 'Yes'),
('17-02-2025', 'BUS_3', 'LN-2024049', 'Themba', 'Yes', 'Yes'),
('17-02-2025', 'BUS_3', 'LN-2024050', 'Ntombizodwa', 'Yes', 'Yes'),
('17-02-2025', 'BUS_3', 'LN-2024051', 'Mpho', 'Yes', 'Yes'),
('17-02-2025', 'BUS_3', 'LN-2024052', 'Vuyokazi', 'No', 'Yes'),
('17-03-2025', 'BUS_1', 'LN-2024001', 'Thabo', 'Yes', 'Yes'),
('17-03-2025', 'BUS_1', 'LN-2024002', 'Nomthandazo', 'Yes', 'Yes'),
('17-03-2025', 'BUS_1', 'LN-2024003', 'Siyanda', 'Yes', 'Yes'),
('17-03-2025', 'BUS_1', 'LN-2024004', 'Lerato', 'Yes', 'Yes'),
('17-03-2025', 'BUS_1', 'LN-2024005', 'Bongani', 'No', 'Yes'),
('17-03-2025', 'BUS_1', 'LN-2024006', 'Sipho', 'Yes', 'Yes'),
('17-03-2025', 'BUS_1', 'LN-2024007', 'Kgothatso', 'Yes', 'Yes'),
('17-03-2025', 'BUS_1', 'LN-2024008', 'Mandla', 'Yes', 'Yes'),
('17-03-2025', 'BUS_1', 'LN-2024009', 'Nokuthula', 'Yes', 'Yes'),
('17-03-2025', 'BUS_1', 'LN-2024010', 'Lwazi', 'Yes', 'Yes'),
('17-03-2025', 'BUS_1', 'LN-2024011', 'Aisha', 'Yes', 'Yes'),
('17-03-2025', 'BUS_1', 'LN-2024012', 'Thandeka', 'Yes', 'Yes'),
('17-03-2025', 'BUS_1', 'LN-2024013', 'Jabulani', 'Yes', 'Yes'),
('17-03-2025', 'BUS_1', 'LN-2024014', 'Onke', 'Yes', 'Yes'),
('17-03-2025', 'BUS_1', 'LN-2024015', 'Itumeleng', 'No', 'Yes'),
('17-03-2025', 'BUS_1', 'LN-2024016', 'Ayanda', 'Yes', 'Yes'),
('17-03-2025', 'BUS_1', 'LN-2024017', 'Nosipho', 'Yes', 'Yes'),
('17-03-2025', 'BUS_1', 'LN-2024018', 'Sizwe', 'Yes', 'Yes'),
('17-03-2025', 'BUS_1', 'LN-2024019', 'Nontokozo', 'Yes', 'Yes'),
('17-03-2025', 'BUS_1', 'LN-2024020', 'Nokwanda', 'Yes', 'No'),
('17-03-2025', 'BUS_1', 'LN-2024021', 'Xolani', 'Yes', 'Yes'),
('17-03-2025', 'BUS_1', 'LN-2024022', 'Ayabonga', 'Yes', 'No'),
('17-03-2025', 'BUS_1', 'LN-2024023', 'Zanele', 'Yes', 'Yes'),
('17-03-2025', 'BUS_1', 'LN-2024024', 'Sanele', 'Yes', 'Yes'),
('17-03-2025', 'BUS_1', 'LN-2024025', 'Thabang', 'Yes', 'Yes'),
('17-03-2025', 'BUS_1', 'LN-2024026', 'Asanda', 'Yes', 'Yes'),
('17-03-2025', 'BUS_1', 'LN-2024027', 'Khanyisile', 'Yes', 'Yes'),
('17-03-2025', 'BUS_1', 'LN-2024028', 'Simphiwe', 'Yes', 'No'),
('17-03-2025', 'BUS_1', 'LN-2024029', 'Khulani', 'Yes', 'Yes'),
('17-03-2025', 'BUS_2', 'LN-2024030', 'Nomvula', 'Yes', 'Yes'),
('17-03-2025', 'BUS_2', 'LN-2024031', 'Anele', 'Yes', 'Yes'),
('17-03-2025', 'BUS_2', 'LN-2024032', 'Thokozani', 'Yes', 'Yes'),
('17-03-2025', 'BUS_2', 'LN-2024033', 'Ongeziwe', 'Yes', 'Yes'),
('17-03-2025', 'BUS_2', 'LN-2024034', 'Lonwabo', 'Yes', 'Yes'),
('17-03-2025', 'BUS_2', 'LN-2024035', 'Luthando', 'Yes', 'Yes'),
('17-03-2025', 'BUS_2', 'LN-2024036', 'Bandile', 'Yes', 'Yes'),
('17-03-2025', 'BUS_2', 'LN-2024037', 'Thando', 'Yes', 'No'),
('17-03-2025', 'BUS_3', 'LN-2024038', 'Nompumelelo', 'Yes', 'Yes'),
('17-03-2025', 'BUS_3', 'LN-2024039', 'Siphesihle', 'Yes', 'Yes'),
('17-03-2025', 'BUS_3', 'LN-2024040', 'Sizakele', 'Yes', 'Yes'),
('17-03-2025', 'BUS_3', 'LN-2024041', 'Lungelo', 'Yes', 'Yes'),
('17-03-2025', 'BUS_3', 'LN-2024042', 'Ayize', 'Yes', 'Yes'),
('17-03-2025', 'BUS_3', 'LN-2024043', 'Kabelo', 'Yes', 'Yes'),
('17-03-2025', 'BUS_3', 'LN-2024044', 'Ayakha', 'Yes', 'Yes'),
('17-03-2025', 'BUS_3', 'LN-2024045', 'Siyabulela', 'No', 'Yes'),
('17-03-2025', 'BUS_3', 'LN-2024046', 'Sibusiso', 'Yes', 'Yes'),
('17-03-2025', 'BUS_3', 'LN-2024047', 'Nondumiso', 'Yes', 'Yes'),
('17-03-2025', 'BUS_3', 'LN-2024048', 'Amahle', 'Yes', 'Yes'),
('17-03-2025', 'BUS_3', 'LN-2024049', 'Themba', 'Yes', 'Yes'),
('17-03-2025', 'BUS_3', 'LN-2024050', 'Ntombizodwa', 'Yes', 'Yes'),
('17-03-2025', 'BUS_3', 'LN-2024051', 'Mpho', 'Yes', 'Yes'),
('17-03-2025', 'BUS_3', 'LN-2024052', 'Vuyokazi', 'No', 'Yes'),
('18-02-2025', 'BUS_1', 'LN-2024001', 'Thabo', 'Yes', 'Yes'),
('18-02-2025', 'BUS_1', 'LN-2024002', 'Nomthandazo', 'Yes', 'Yes'),
('18-02-2025', 'BUS_1', 'LN-2024003', 'Siyanda', 'Yes', 'Yes'),
('18-02-2025', 'BUS_1', 'LN-2024004', 'Lerato', 'Yes', 'Yes'),
('18-02-2025', 'BUS_1', 'LN-2024005', 'Bongani', 'No', 'Yes'),
('18-02-2025', 'BUS_1', 'LN-2024006', 'Sipho', 'Yes', 'Yes'),
('18-02-2025', 'BUS_1', 'LN-2024007', 'Kgothatso', 'Yes', 'Yes'),
('18-02-2025', 'BUS_1', 'LN-2024008', 'Mandla', 'Yes', 'Yes'),
('18-02-2025', 'BUS_1', 'LN-2024009', 'Nokuthula', 'Yes', 'Yes'),
('18-02-2025', 'BUS_1', 'LN-2024010', 'Lwazi', 'Yes', 'Yes'),
('18-02-2025', 'BUS_1', 'LN-2024011', 'Aisha', 'Yes', 'Yes'),
('18-02-2025', 'BUS_1', 'LN-2024012', 'Thandeka', 'Yes', 'Yes'),
('18-02-2025', 'BUS_1', 'LN-2024013', 'Jabulani', 'Yes', 'Yes'),
('18-02-2025', 'BUS_1', 'LN-2024014', 'Onke', 'Yes', 'Yes'),
('18-02-2025', 'BUS_1', 'LN-2024015', 'Itumeleng', 'No', 'Yes'),
('18-02-2025', 'BUS_1', 'LN-2024016', 'Ayanda', 'Yes', 'Yes'),
('18-02-2025', 'BUS_1', 'LN-2024017', 'Nosipho', 'Yes', 'Yes'),
('18-02-2025', 'BUS_1', 'LN-2024018', 'Sizwe', 'Yes', 'Yes'),
('18-02-2025', 'BUS_1', 'LN-2024019', 'Nontokozo', 'Yes', 'Yes'),
('18-02-2025', 'BUS_1', 'LN-2024020', 'Nokwanda', 'Yes', 'No'),
('18-02-2025', 'BUS_1', 'LN-2024021', 'Xolani', 'Yes', 'Yes'),
('18-02-2025', 'BUS_1', 'LN-2024022', 'Ayabonga', 'Yes', 'No'),
('18-02-2025', 'BUS_1', 'LN-2024023', 'Zanele', 'Yes', 'Yes'),
('18-02-2025', 'BUS_1', 'LN-2024024', 'Sanele', 'Yes', 'Yes'),
('18-02-2025', 'BUS_1', 'LN-2024025', 'Thabang', 'Yes', 'Yes'),
('18-02-2025', 'BUS_1', 'LN-2024026', 'Asanda', 'Yes', 'Yes'),
('18-02-2025', 'BUS_1', 'LN-2024027', 'Khanyisile', 'Yes', 'Yes'),
('18-02-2025', 'BUS_1', 'LN-2024028', 'Simphiwe', 'Yes', 'No'),
('18-02-2025', 'BUS_1', 'LN-2024029', 'Khulani', 'Yes', 'Yes'),
('18-02-2025', 'BUS_2', 'LN-2024030', 'Nomvula', 'Yes', 'Yes'),
('18-02-2025', 'BUS_2', 'LN-2024031', 'Anele', 'Yes', 'Yes'),
('18-02-2025', 'BUS_2', 'LN-2024032', 'Thokozani', 'Yes', 'Yes'),
('18-02-2025', 'BUS_2', 'LN-2024033', 'Ongeziwe', 'Yes', 'Yes'),
('18-02-2025', 'BUS_2', 'LN-2024034', 'Lonwabo', 'Yes', 'Yes'),
('18-02-2025', 'BUS_2', 'LN-2024035', 'Luthando', 'Yes', 'Yes'),
('18-02-2025', 'BUS_2', 'LN-2024036', 'Bandile', 'Yes', 'Yes'),
('18-02-2025', 'BUS_2', 'LN-2024037', 'Thando', 'Yes', 'No'),
('18-02-2025', 'BUS_3', 'LN-2024038', 'Nompumelelo', 'Yes', 'Yes'),
('18-02-2025', 'BUS_3', 'LN-2024039', 'Siphesihle', 'Yes', 'Yes'),
('18-02-2025', 'BUS_3', 'LN-2024040', 'Sizakele', 'Yes', 'Yes'),
('18-02-2025', 'BUS_3', 'LN-2024041', 'Lungelo', 'Yes', 'Yes'),
('18-02-2025', 'BUS_3', 'LN-2024042', 'Ayize', 'Yes', 'Yes'),
('18-02-2025', 'BUS_3', 'LN-2024043', 'Kabelo', 'Yes', 'Yes'),
('18-02-2025', 'BUS_3', 'LN-2024044', 'Ayakha', 'Yes', 'Yes'),
('18-02-2025', 'BUS_3', 'LN-2024045', 'Siyabulela', 'No', 'Yes'),
('18-02-2025', 'BUS_3', 'LN-2024046', 'Sibusiso', 'Yes', 'Yes'),
('18-02-2025', 'BUS_3', 'LN-2024047', 'Nondumiso', 'Yes', 'Yes'),
('18-02-2025', 'BUS_3', 'LN-2024048', 'Amahle', 'Yes', 'Yes'),
('18-02-2025', 'BUS_3', 'LN-2024049', 'Themba', 'Yes', 'Yes'),
('18-02-2025', 'BUS_3', 'LN-2024050', 'Ntombizodwa', 'Yes', 'Yes'),
('18-02-2025', 'BUS_3', 'LN-2024051', 'Mpho', 'Yes', 'Yes'),
('18-02-2025', 'BUS_3', 'LN-2024052', 'Vuyokazi', 'No', 'Yes'),
('18-03-2025', 'BUS_1', 'LN-2024001', 'Thabo', 'Yes', 'Yes'),
('18-03-2025', 'BUS_1', 'LN-2024002', 'Nomthandazo', 'Yes', 'Yes'),
('18-03-2025', 'BUS_1', 'LN-2024003', 'Siyanda', 'Yes', 'Yes'),
('18-03-2025', 'BUS_1', 'LN-2024004', 'Lerato', 'Yes', 'Yes'),
('18-03-2025', 'BUS_1', 'LN-2024005', 'Bongani', 'No', 'Yes'),
('18-03-2025', 'BUS_1', 'LN-2024006', 'Sipho', 'Yes', 'Yes'),
('18-03-2025', 'BUS_1', 'LN-2024007', 'Kgothatso', 'Yes', 'Yes'),
('18-03-2025', 'BUS_1', 'LN-2024008', 'Mandla', 'Yes', 'Yes'),
('18-03-2025', 'BUS_1', 'LN-2024009', 'Nokuthula', 'Yes', 'Yes'),
('18-03-2025', 'BUS_1', 'LN-2024010', 'Lwazi', 'Yes', 'Yes'),
('18-03-2025', 'BUS_1', 'LN-2024011', 'Aisha', 'Yes', 'Yes'),
('18-03-2025', 'BUS_1', 'LN-2024012', 'Thandeka', 'Yes', 'Yes'),
('18-03-2025', 'BUS_1', 'LN-2024013', 'Jabulani', 'Yes', 'Yes'),
('18-03-2025', 'BUS_1', 'LN-2024014', 'Onke', 'Yes', 'Yes'),
('18-03-2025', 'BUS_1', 'LN-2024015', 'Itumeleng', 'No', 'Yes'),
('18-03-2025', 'BUS_1', 'LN-2024016', 'Ayanda', 'Yes', 'Yes'),
('18-03-2025', 'BUS_1', 'LN-2024017', 'Nosipho', 'Yes', 'Yes'),
('18-03-2025', 'BUS_1', 'LN-2024018', 'Sizwe', 'Yes', 'Yes'),
('18-03-2025', 'BUS_1', 'LN-2024019', 'Nontokozo', 'Yes', 'Yes'),
('18-03-2025', 'BUS_1', 'LN-2024020', 'Nokwanda', 'Yes', 'No'),
('18-03-2025', 'BUS_1', 'LN-2024021', 'Xolani', 'Yes', 'Yes'),
('18-03-2025', 'BUS_1', 'LN-2024022', 'Ayabonga', 'Yes', 'No'),
('18-03-2025', 'BUS_1', 'LN-2024023', 'Zanele', 'Yes', 'Yes'),
('18-03-2025', 'BUS_1', 'LN-2024024', 'Sanele', 'Yes', 'Yes'),
('18-03-2025', 'BUS_1', 'LN-2024025', 'Thabang', 'Yes', 'Yes'),
('18-03-2025', 'BUS_1', 'LN-2024026', 'Asanda', 'Yes', 'Yes'),
('18-03-2025', 'BUS_1', 'LN-2024027', 'Khanyisile', 'Yes', 'Yes'),
('18-03-2025', 'BUS_1', 'LN-2024028', 'Simphiwe', 'Yes', 'No'),
('18-03-2025', 'BUS_1', 'LN-2024029', 'Khulani', 'Yes', 'Yes'),
('18-03-2025', 'BUS_2', 'LN-2024030', 'Nomvula', 'Yes', 'Yes'),
('18-03-2025', 'BUS_2', 'LN-2024031', 'Anele', 'Yes', 'Yes'),
('18-03-2025', 'BUS_2', 'LN-2024032', 'Thokozani', 'Yes', 'Yes'),
('18-03-2025', 'BUS_2', 'LN-2024033', 'Ongeziwe', 'Yes', 'Yes'),
('18-03-2025', 'BUS_2', 'LN-2024034', 'Lonwabo', 'Yes', 'Yes'),
('18-03-2025', 'BUS_2', 'LN-2024035', 'Luthando', 'Yes', 'Yes'),
('18-03-2025', 'BUS_2', 'LN-2024036', 'Bandile', 'Yes', 'Yes'),
('18-03-2025', 'BUS_2', 'LN-2024037', 'Thando', 'Yes', 'No'),
('18-03-2025', 'BUS_3', 'LN-2024038', 'Nompumelelo', 'Yes', 'Yes'),
('18-03-2025', 'BUS_3', 'LN-2024039', 'Siphesihle', 'Yes', 'Yes'),
('18-03-2025', 'BUS_3', 'LN-2024040', 'Sizakele', 'Yes', 'Yes'),
('18-03-2025', 'BUS_3', 'LN-2024041', 'Lungelo', 'Yes', 'Yes'),
('18-03-2025', 'BUS_3', 'LN-2024042', 'Ayize', 'Yes', 'Yes'),
('18-03-2025', 'BUS_3', 'LN-2024043', 'Kabelo', 'Yes', 'Yes'),
('18-03-2025', 'BUS_3', 'LN-2024044', 'Ayakha', 'Yes', 'Yes'),
('18-03-2025', 'BUS_3', 'LN-2024045', 'Siyabulela', 'No', 'Yes'),
('18-03-2025', 'BUS_3', 'LN-2024046', 'Sibusiso', 'Yes', 'Yes'),
('18-03-2025', 'BUS_3', 'LN-2024047', 'Nondumiso', 'Yes', 'Yes'),
('18-03-2025', 'BUS_3', 'LN-2024048', 'Amahle', 'Yes', 'Yes'),
('18-03-2025', 'BUS_3', 'LN-2024049', 'Themba', 'Yes', 'Yes'),
('18-03-2025', 'BUS_3', 'LN-2024050', 'Ntombizodwa', 'Yes', 'Yes'),
('18-03-2025', 'BUS_3', 'LN-2024051', 'Mpho', 'Yes', 'Yes'),
('18-03-2025', 'BUS_3', 'LN-2024052', 'Vuyokazi', 'No', 'Yes'),
('19-02-2025', 'BUS_1', 'LN-2024001', 'Thabo', 'Yes', 'Yes'),
('19-02-2025', 'BUS_1', 'LN-2024002', 'Nomthandazo', 'Yes', 'Yes'),
('19-02-2025', 'BUS_1', 'LN-2024003', 'Siyanda', 'Yes', 'Yes'),
('19-02-2025', 'BUS_1', 'LN-2024004', 'Lerato', 'Yes', 'Yes'),
('19-02-2025', 'BUS_1', 'LN-2024005', 'Bongani', 'No', 'Yes'),
('19-02-2025', 'BUS_1', 'LN-2024006', 'Sipho', 'Yes', 'Yes'),
('19-02-2025', 'BUS_1', 'LN-2024007', 'Kgothatso', 'Yes', 'Yes'),
('19-02-2025', 'BUS_1', 'LN-2024008', 'Mandla', 'Yes', 'Yes'),
('19-02-2025', 'BUS_1', 'LN-2024009', 'Nokuthula', 'Yes', 'Yes'),
('19-02-2025', 'BUS_1', 'LN-2024010', 'Lwazi', 'Yes', 'Yes'),
('19-02-2025', 'BUS_1', 'LN-2024011', 'Aisha', 'Yes', 'Yes'),
('19-02-2025', 'BUS_1', 'LN-2024012', 'Thandeka', 'Yes', 'Yes'),
('19-02-2025', 'BUS_1', 'LN-2024013', 'Jabulani', 'Yes', 'Yes'),
('19-02-2025', 'BUS_1', 'LN-2024014', 'Onke', 'Yes', 'Yes'),
('19-02-2025', 'BUS_1', 'LN-2024015', 'Itumeleng', 'No', 'Yes'),
('19-02-2025', 'BUS_1', 'LN-2024016', 'Ayanda', 'Yes', 'Yes'),
('19-02-2025', 'BUS_1', 'LN-2024017', 'Nosipho', 'Yes', 'Yes'),
('19-02-2025', 'BUS_1', 'LN-2024018', 'Sizwe', 'Yes', 'Yes'),
('19-02-2025', 'BUS_1', 'LN-2024019', 'Nontokozo', 'Yes', 'Yes'),
('19-02-2025', 'BUS_1', 'LN-2024020', 'Nokwanda', 'Yes', 'No'),
('19-02-2025', 'BUS_1', 'LN-2024021', 'Xolani', 'Yes', 'Yes'),
('19-02-2025', 'BUS_1', 'LN-2024022', 'Ayabonga', 'Yes', 'No'),
('19-02-2025', 'BUS_1', 'LN-2024023', 'Zanele', 'Yes', 'Yes'),
('19-02-2025', 'BUS_1', 'LN-2024024', 'Sanele', 'Yes', 'Yes'),
('19-02-2025', 'BUS_1', 'LN-2024025', 'Thabang', 'Yes', 'Yes'),
('19-02-2025', 'BUS_1', 'LN-2024026', 'Asanda', 'Yes', 'Yes'),
('19-02-2025', 'BUS_1', 'LN-2024027', 'Khanyisile', 'Yes', 'Yes'),
('19-02-2025', 'BUS_1', 'LN-2024028', 'Simphiwe', 'Yes', 'No'),
('19-02-2025', 'BUS_1', 'LN-2024029', 'Khulani', 'Yes', 'Yes'),
('19-02-2025', 'BUS_2', 'LN-2024030', 'Nomvula', 'Yes', 'Yes'),
('19-02-2025', 'BUS_2', 'LN-2024031', 'Anele', 'Yes', 'Yes'),
('19-02-2025', 'BUS_2', 'LN-2024032', 'Thokozani', 'Yes', 'Yes'),
('19-02-2025', 'BUS_2', 'LN-2024033', 'Ongeziwe', 'Yes', 'Yes'),
('19-02-2025', 'BUS_2', 'LN-2024034', 'Lonwabo', 'Yes', 'Yes'),
('19-02-2025', 'BUS_2', 'LN-2024035', 'Luthando', 'Yes', 'Yes'),
('19-02-2025', 'BUS_2', 'LN-2024036', 'Bandile', 'Yes', 'Yes'),
('19-02-2025', 'BUS_2', 'LN-2024037', 'Thando', 'Yes', 'No'),
('19-02-2025', 'BUS_3', 'LN-2024038', 'Nompumelelo', 'Yes', 'Yes'),
('19-02-2025', 'BUS_3', 'LN-2024039', 'Siphesihle', 'Yes', 'Yes'),
('19-02-2025', 'BUS_3', 'LN-2024040', 'Sizakele', 'Yes', 'Yes'),
('19-02-2025', 'BUS_3', 'LN-2024041', 'Lungelo', 'Yes', 'Yes'),
('19-02-2025', 'BUS_3', 'LN-2024042', 'Ayize', 'Yes', 'Yes'),
('19-02-2025', 'BUS_3', 'LN-2024043', 'Kabelo', 'Yes', 'Yes'),
('19-02-2025', 'BUS_3', 'LN-2024044', 'Ayakha', 'Yes', 'Yes'),
('19-02-2025', 'BUS_3', 'LN-2024045', 'Siyabulela', 'No', 'Yes'),
('19-02-2025', 'BUS_3', 'LN-2024046', 'Sibusiso', 'Yes', 'Yes'),
('19-02-2025', 'BUS_3', 'LN-2024047', 'Nondumiso', 'Yes', 'Yes'),
('19-02-2025', 'BUS_3', 'LN-2024048', 'Amahle', 'Yes', 'Yes'),
('19-02-2025', 'BUS_3', 'LN-2024049', 'Themba', 'Yes', 'Yes'),
('19-02-2025', 'BUS_3', 'LN-2024050', 'Ntombizodwa', 'Yes', 'Yes'),
('19-02-2025', 'BUS_3', 'LN-2024051', 'Mpho', 'Yes', 'Yes'),
('19-02-2025', 'BUS_3', 'LN-2024052', 'Vuyokazi', 'No', 'Yes'),
('20-02-2025', 'BUS_1', 'LN-2024001', 'Thabo', 'Yes', 'Yes'),
('20-02-2025', 'BUS_1', 'LN-2024002', 'Nomthandazo', 'Yes', 'Yes'),
('20-02-2025', 'BUS_1', 'LN-2024003', 'Siyanda', 'Yes', 'Yes'),
('20-02-2025', 'BUS_1', 'LN-2024004', 'Lerato', 'Yes', 'Yes'),
('20-02-2025', 'BUS_1', 'LN-2024005', 'Bongani', 'No', 'Yes'),
('20-02-2025', 'BUS_1', 'LN-2024006', 'Sipho', 'Yes', 'Yes'),
('20-02-2025', 'BUS_1', 'LN-2024007', 'Kgothatso', 'Yes', 'Yes'),
('20-02-2025', 'BUS_1', 'LN-2024008', 'Mandla', 'Yes', 'Yes'),
('20-02-2025', 'BUS_1', 'LN-2024009', 'Nokuthula', 'Yes', 'Yes'),
('20-02-2025', 'BUS_1', 'LN-2024010', 'Lwazi', 'Yes', 'Yes'),
('20-02-2025', 'BUS_1', 'LN-2024011', 'Aisha', 'Yes', 'Yes'),
('20-02-2025', 'BUS_1', 'LN-2024012', 'Thandeka', 'Yes', 'Yes'),
('20-02-2025', 'BUS_1', 'LN-2024013', 'Jabulani', 'Yes', 'Yes'),
('20-02-2025', 'BUS_1', 'LN-2024014', 'Onke', 'Yes', 'Yes'),
('20-02-2025', 'BUS_1', 'LN-2024015', 'Itumeleng', 'No', 'Yes'),
('20-02-2025', 'BUS_1', 'LN-2024016', 'Ayanda', 'Yes', 'Yes'),
('20-02-2025', 'BUS_1', 'LN-2024017', 'Nosipho', 'Yes', 'Yes'),
('20-02-2025', 'BUS_1', 'LN-2024018', 'Sizwe', 'Yes', 'Yes'),
('20-02-2025', 'BUS_1', 'LN-2024019', 'Nontokozo', 'Yes', 'Yes'),
('20-02-2025', 'BUS_1', 'LN-2024020', 'Nokwanda', 'Yes', 'No'),
('20-02-2025', 'BUS_1', 'LN-2024021', 'Xolani', 'Yes', 'Yes'),
('20-02-2025', 'BUS_1', 'LN-2024022', 'Ayabonga', 'Yes', 'No'),
('20-02-2025', 'BUS_1', 'LN-2024023', 'Zanele', 'Yes', 'Yes'),
('20-02-2025', 'BUS_1', 'LN-2024024', 'Sanele', 'Yes', 'Yes'),
('20-02-2025', 'BUS_1', 'LN-2024025', 'Thabang', 'Yes', 'Yes'),
('20-02-2025', 'BUS_1', 'LN-2024026', 'Asanda', 'Yes', 'Yes'),
('20-02-2025', 'BUS_1', 'LN-2024027', 'Khanyisile', 'Yes', 'Yes'),
('20-02-2025', 'BUS_1', 'LN-2024028', 'Simphiwe', 'Yes', 'No'),
('20-02-2025', 'BUS_1', 'LN-2024029', 'Khulani', 'Yes', 'Yes'),
('20-02-2025', 'BUS_2', 'LN-2024030', 'Nomvula', 'Yes', 'Yes'),
('20-02-2025', 'BUS_2', 'LN-2024031', 'Anele', 'Yes', 'Yes'),
('20-02-2025', 'BUS_2', 'LN-2024032', 'Thokozani', 'Yes', 'Yes'),
('20-02-2025', 'BUS_2', 'LN-2024033', 'Ongeziwe', 'Yes', 'Yes'),
('20-02-2025', 'BUS_2', 'LN-2024034', 'Lonwabo', 'Yes', 'Yes'),
('20-02-2025', 'BUS_2', 'LN-2024035', 'Luthando', 'Yes', 'Yes'),
('20-02-2025', 'BUS_2', 'LN-2024036', 'Bandile', 'Yes', 'Yes'),
('20-02-2025', 'BUS_2', 'LN-2024037', 'Thando', 'Yes', 'No'),
('20-02-2025', 'BUS_3', 'LN-2024038', 'Nompumelelo', 'Yes', 'Yes'),
('20-02-2025', 'BUS_3', 'LN-2024039', 'Siphesihle', 'Yes', 'Yes'),
('20-02-2025', 'BUS_3', 'LN-2024040', 'Sizakele', 'Yes', 'Yes'),
('20-02-2025', 'BUS_3', 'LN-2024041', 'Lungelo', 'Yes', 'Yes'),
('20-02-2025', 'BUS_3', 'LN-2024042', 'Ayize', 'Yes', 'Yes'),
('20-02-2025', 'BUS_3', 'LN-2024043', 'Kabelo', 'Yes', 'Yes'),
('20-02-2025', 'BUS_3', 'LN-2024044', 'Ayakha', 'Yes', 'Yes'),
('20-02-2025', 'BUS_3', 'LN-2024045', 'Siyabulela', 'No', 'Yes'),
('20-02-2025', 'BUS_3', 'LN-2024046', 'Sibusiso', 'Yes', 'Yes'),
('20-02-2025', 'BUS_3', 'LN-2024047', 'Nondumiso', 'Yes', 'Yes'),
('20-02-2025', 'BUS_3', 'LN-2024048', 'Amahle', 'Yes', 'Yes'),
('20-02-2025', 'BUS_3', 'LN-2024049', 'Themba', 'Yes', 'Yes'),
('20-02-2025', 'BUS_3', 'LN-2024050', 'Ntombizodwa', 'Yes', 'Yes'),
('20-02-2025', 'BUS_3', 'LN-2024051', 'Mpho', 'Yes', 'Yes'),
('20-02-2025', 'BUS_3', 'LN-2024052', 'Vuyokazi', 'No', 'Yes'),
('21-02-2025', 'BUS_1', 'LN-2024001', 'Thabo', 'Yes', 'Yes'),
('21-02-2025', 'BUS_1', 'LN-2024002', 'Nomthandazo', 'Yes', 'Yes'),
('21-02-2025', 'BUS_1', 'LN-2024003', 'Siyanda', 'Yes', 'Yes'),
('21-02-2025', 'BUS_1', 'LN-2024004', 'Lerato', 'Yes', 'Yes'),
('21-02-2025', 'BUS_1', 'LN-2024005', 'Bongani', 'No', 'Yes'),
('21-02-2025', 'BUS_1', 'LN-2024006', 'Sipho', 'Yes', 'Yes'),
('21-02-2025', 'BUS_1', 'LN-2024007', 'Kgothatso', 'Yes', 'Yes'),
('21-02-2025', 'BUS_1', 'LN-2024008', 'Mandla', 'Yes', 'Yes'),
('21-02-2025', 'BUS_1', 'LN-2024009', 'Nokuthula', 'Yes', 'Yes'),
('21-02-2025', 'BUS_1', 'LN-2024010', 'Lwazi', 'Yes', 'Yes'),
('21-02-2025', 'BUS_1', 'LN-2024011', 'Aisha', 'Yes', 'Yes'),
('21-02-2025', 'BUS_1', 'LN-2024012', 'Thandeka', 'Yes', 'Yes'),
('21-02-2025', 'BUS_1', 'LN-2024013', 'Jabulani', 'Yes', 'Yes'),
('21-02-2025', 'BUS_1', 'LN-2024014', 'Onke', 'Yes', 'Yes'),
('21-02-2025', 'BUS_1', 'LN-2024015', 'Itumeleng', 'No', 'Yes'),
('21-02-2025', 'BUS_1', 'LN-2024016', 'Ayanda', 'Yes', 'Yes'),
('21-02-2025', 'BUS_1', 'LN-2024017', 'Nosipho', 'Yes', 'Yes'),
('21-02-2025', 'BUS_1', 'LN-2024018', 'Sizwe', 'Yes', 'Yes'),
('21-02-2025', 'BUS_1', 'LN-2024019', 'Nontokozo', 'Yes', 'Yes'),
('21-02-2025', 'BUS_1', 'LN-2024020', 'Nokwanda', 'Yes', 'No'),
('21-02-2025', 'BUS_1', 'LN-2024021', 'Xolani', 'Yes', 'Yes'),
('21-02-2025', 'BUS_1', 'LN-2024022', 'Ayabonga', 'Yes', 'No'),
('21-02-2025', 'BUS_1', 'LN-2024023', 'Zanele', 'Yes', 'Yes'),
('21-02-2025', 'BUS_1', 'LN-2024024', 'Sanele', 'Yes', 'Yes'),
('21-02-2025', 'BUS_1', 'LN-2024025', 'Thabang', 'Yes', 'Yes'),
('21-02-2025', 'BUS_1', 'LN-2024026', 'Asanda', 'Yes', 'Yes'),
('21-02-2025', 'BUS_1', 'LN-2024027', 'Khanyisile', 'Yes', 'Yes'),
('21-02-2025', 'BUS_1', 'LN-2024028', 'Simphiwe', 'Yes', 'No'),
('21-02-2025', 'BUS_1', 'LN-2024029', 'Khulani', 'Yes', 'Yes'),
('21-02-2025', 'BUS_2', 'LN-2024030', 'Nomvula', 'Yes', 'Yes'),
('21-02-2025', 'BUS_2', 'LN-2024031', 'Anele', 'Yes', 'Yes'),
('21-02-2025', 'BUS_2', 'LN-2024032', 'Thokozani', 'Yes', 'Yes'),
('21-02-2025', 'BUS_2', 'LN-2024033', 'Ongeziwe', 'Yes', 'Yes'),
('21-02-2025', 'BUS_2', 'LN-2024034', 'Lonwabo', 'Yes', 'Yes'),
('21-02-2025', 'BUS_2', 'LN-2024035', 'Luthando', 'Yes', 'Yes'),
('21-02-2025', 'BUS_2', 'LN-2024036', 'Bandile', 'Yes', 'Yes'),
('21-02-2025', 'BUS_2', 'LN-2024037', 'Thando', 'Yes', 'No'),
('21-02-2025', 'BUS_3', 'LN-2024038', 'Nompumelelo', 'Yes', 'Yes'),
('21-02-2025', 'BUS_3', 'LN-2024039', 'Siphesihle', 'Yes', 'Yes'),
('21-02-2025', 'BUS_3', 'LN-2024040', 'Sizakele', 'Yes', 'Yes'),
('21-02-2025', 'BUS_3', 'LN-2024041', 'Lungelo', 'Yes', 'Yes'),
('21-02-2025', 'BUS_3', 'LN-2024042', 'Ayize', 'Yes', 'Yes'),
('21-02-2025', 'BUS_3', 'LN-2024043', 'Kabelo', 'Yes', 'Yes'),
('21-02-2025', 'BUS_3', 'LN-2024044', 'Ayakha', 'Yes', 'Yes'),
('21-02-2025', 'BUS_3', 'LN-2024045', 'Siyabulela', 'No', 'Yes'),
('21-02-2025', 'BUS_3', 'LN-2024046', 'Sibusiso', 'Yes', 'Yes'),
('21-02-2025', 'BUS_3', 'LN-2024047', 'Nondumiso', 'Yes', 'Yes'),
('21-02-2025', 'BUS_3', 'LN-2024048', 'Amahle', 'Yes', 'Yes'),
('21-02-2025', 'BUS_3', 'LN-2024049', 'Themba', 'Yes', 'Yes'),
('21-02-2025', 'BUS_3', 'LN-2024050', 'Ntombizodwa', 'Yes', 'Yes'),
('21-02-2025', 'BUS_3', 'LN-2024051', 'Mpho', 'Yes', 'Yes'),
('21-02-2025', 'BUS_3', 'LN-2024052', 'Vuyokazi', 'No', 'Yes'),
('24-02-2025', 'BUS_1', 'LN-2024001', 'Thabo', 'Yes', 'Yes'),
('24-02-2025', 'BUS_1', 'LN-2024002', 'Nomthandazo', 'Yes', 'Yes'),
('24-02-2025', 'BUS_1', 'LN-2024003', 'Siyanda', 'Yes', 'Yes'),
('24-02-2025', 'BUS_1', 'LN-2024004', 'Lerato', 'Yes', 'Yes'),
('24-02-2025', 'BUS_1', 'LN-2024005', 'Bongani', 'No', 'Yes'),
('24-02-2025', 'BUS_1', 'LN-2024006', 'Sipho', 'Yes', 'Yes'),
('24-02-2025', 'BUS_1', 'LN-2024007', 'Kgothatso', 'Yes', 'Yes'),
('24-02-2025', 'BUS_1', 'LN-2024008', 'Mandla', 'Yes', 'Yes'),
('24-02-2025', 'BUS_1', 'LN-2024009', 'Nokuthula', 'Yes', 'Yes'),
('24-02-2025', 'BUS_1', 'LN-2024010', 'Lwazi', 'Yes', 'Yes'),
('24-02-2025', 'BUS_1', 'LN-2024011', 'Aisha', 'Yes', 'Yes'),
('24-02-2025', 'BUS_1', 'LN-2024012', 'Thandeka', 'Yes', 'Yes'),
('24-02-2025', 'BUS_1', 'LN-2024013', 'Jabulani', 'Yes', 'Yes'),
('24-02-2025', 'BUS_1', 'LN-2024014', 'Onke', 'Yes', 'Yes'),
('24-02-2025', 'BUS_1', 'LN-2024015', 'Itumeleng', 'No', 'Yes'),
('24-02-2025', 'BUS_1', 'LN-2024016', 'Ayanda', 'Yes', 'Yes'),
('24-02-2025', 'BUS_1', 'LN-2024017', 'Nosipho', 'Yes', 'Yes'),
('24-02-2025', 'BUS_1', 'LN-2024018', 'Sizwe', 'Yes', 'Yes'),
('24-02-2025', 'BUS_1', 'LN-2024019', 'Nontokozo', 'Yes', 'Yes'),
('24-02-2025', 'BUS_1', 'LN-2024020', 'Nokwanda', 'Yes', 'No'),
('24-02-2025', 'BUS_1', 'LN-2024021', 'Xolani', 'Yes', 'Yes'),
('24-02-2025', 'BUS_1', 'LN-2024022', 'Ayabonga', 'Yes', 'No'),
('24-02-2025', 'BUS_1', 'LN-2024023', 'Zanele', 'Yes', 'Yes'),
('24-02-2025', 'BUS_1', 'LN-2024024', 'Sanele', 'Yes', 'Yes'),
('24-02-2025', 'BUS_1', 'LN-2024025', 'Thabang', 'Yes', 'Yes'),
('24-02-2025', 'BUS_1', 'LN-2024026', 'Asanda', 'Yes', 'Yes'),
('24-02-2025', 'BUS_1', 'LN-2024027', 'Khanyisile', 'Yes', 'Yes'),
('24-02-2025', 'BUS_1', 'LN-2024028', 'Simphiwe', 'Yes', 'No'),
('24-02-2025', 'BUS_1', 'LN-2024029', 'Khulani', 'Yes', 'Yes'),
('24-02-2025', 'BUS_2', 'LN-2024030', 'Nomvula', 'Yes', 'Yes'),
('24-02-2025', 'BUS_2', 'LN-2024031', 'Anele', 'Yes', 'Yes'),
('24-02-2025', 'BUS_2', 'LN-2024032', 'Thokozani', 'Yes', 'Yes'),
('24-02-2025', 'BUS_2', 'LN-2024033', 'Ongeziwe', 'Yes', 'Yes'),
('24-02-2025', 'BUS_2', 'LN-2024034', 'Lonwabo', 'Yes', 'Yes'),
('24-02-2025', 'BUS_2', 'LN-2024035', 'Luthando', 'Yes', 'Yes'),
('24-02-2025', 'BUS_2', 'LN-2024036', 'Bandile', 'Yes', 'Yes'),
('24-02-2025', 'BUS_2', 'LN-2024037', 'Thando', 'Yes', 'No'),
('24-02-2025', 'BUS_3', 'LN-2024038', 'Nompumelelo', 'Yes', 'Yes'),
('24-02-2025', 'BUS_3', 'LN-2024039', 'Siphesihle', 'Yes', 'Yes'),
('24-02-2025', 'BUS_3', 'LN-2024040', 'Sizakele', 'Yes', 'Yes'),
('24-02-2025', 'BUS_3', 'LN-2024041', 'Lungelo', 'Yes', 'Yes'),
('24-02-2025', 'BUS_3', 'LN-2024042', 'Ayize', 'Yes', 'Yes'),
('24-02-2025', 'BUS_3', 'LN-2024043', 'Kabelo', 'Yes', 'Yes'),
('24-02-2025', 'BUS_3', 'LN-2024044', 'Ayakha', 'Yes', 'Yes'),
('24-02-2025', 'BUS_3', 'LN-2024045', 'Siyabulela', 'No', 'Yes'),
('24-02-2025', 'BUS_3', 'LN-2024046', 'Sibusiso', 'Yes', 'Yes'),
('24-02-2025', 'BUS_3', 'LN-2024047', 'Nondumiso', 'Yes', 'Yes'),
('24-02-2025', 'BUS_3', 'LN-2024048', 'Amahle', 'Yes', 'Yes'),
('24-02-2025', 'BUS_3', 'LN-2024049', 'Themba', 'Yes', 'Yes'),
('24-02-2025', 'BUS_3', 'LN-2024050', 'Ntombizodwa', 'Yes', 'Yes'),
('24-02-2025', 'BUS_3', 'LN-2024051', 'Mpho', 'Yes', 'Yes'),
('24-02-2025', 'BUS_3', 'LN-2024052', 'Vuyokazi', 'No', 'Yes'),
('25-02-2025', 'BUS_1', 'LN-2024001', 'Thabo', 'Yes', 'Yes'),
('25-02-2025', 'BUS_1', 'LN-2024002', 'Nomthandazo', 'Yes', 'Yes'),
('25-02-2025', 'BUS_1', 'LN-2024003', 'Siyanda', 'Yes', 'Yes'),
('25-02-2025', 'BUS_1', 'LN-2024004', 'Lerato', 'Yes', 'Yes'),
('25-02-2025', 'BUS_1', 'LN-2024005', 'Bongani', 'No', 'Yes'),
('25-02-2025', 'BUS_1', 'LN-2024006', 'Sipho', 'Yes', 'Yes'),
('25-02-2025', 'BUS_1', 'LN-2024007', 'Kgothatso', 'Yes', 'Yes'),
('25-02-2025', 'BUS_1', 'LN-2024008', 'Mandla', 'Yes', 'Yes'),
('25-02-2025', 'BUS_1', 'LN-2024009', 'Nokuthula', 'Yes', 'Yes'),
('25-02-2025', 'BUS_1', 'LN-2024010', 'Lwazi', 'Yes', 'Yes'),
('25-02-2025', 'BUS_1', 'LN-2024011', 'Aisha', 'Yes', 'Yes'),
('25-02-2025', 'BUS_1', 'LN-2024012', 'Thandeka', 'Yes', 'Yes'),
('25-02-2025', 'BUS_1', 'LN-2024013', 'Jabulani', 'Yes', 'Yes'),
('25-02-2025', 'BUS_1', 'LN-2024014', 'Onke', 'Yes', 'Yes'),
('25-02-2025', 'BUS_1', 'LN-2024015', 'Itumeleng', 'No', 'Yes'),
('25-02-2025', 'BUS_1', 'LN-2024016', 'Ayanda', 'Yes', 'Yes'),
('25-02-2025', 'BUS_1', 'LN-2024017', 'Nosipho', 'Yes', 'Yes'),
('25-02-2025', 'BUS_1', 'LN-2024018', 'Sizwe', 'Yes', 'Yes'),
('25-02-2025', 'BUS_1', 'LN-2024019', 'Nontokozo', 'Yes', 'Yes'),
('25-02-2025', 'BUS_1', 'LN-2024020', 'Nokwanda', 'Yes', 'No'),
('25-02-2025', 'BUS_1', 'LN-2024021', 'Xolani', 'Yes', 'Yes'),
('25-02-2025', 'BUS_1', 'LN-2024022', 'Ayabonga', 'Yes', 'No'),
('25-02-2025', 'BUS_1', 'LN-2024023', 'Zanele', 'Yes', 'Yes'),
('25-02-2025', 'BUS_1', 'LN-2024024', 'Sanele', 'Yes', 'Yes'),
('25-02-2025', 'BUS_1', 'LN-2024025', 'Thabang', 'Yes', 'Yes'),
('25-02-2025', 'BUS_1', 'LN-2024026', 'Asanda', 'Yes', 'Yes'),
('25-02-2025', 'BUS_1', 'LN-2024027', 'Khanyisile', 'Yes', 'Yes'),
('25-02-2025', 'BUS_1', 'LN-2024028', 'Simphiwe', 'Yes', 'No'),
('25-02-2025', 'BUS_1', 'LN-2024029', 'Khulani', 'Yes', 'Yes'),
('25-02-2025', 'BUS_2', 'LN-2024030', 'Nomvula', 'Yes', 'Yes'),
('25-02-2025', 'BUS_2', 'LN-2024031', 'Anele', 'Yes', 'Yes'),
('25-02-2025', 'BUS_2', 'LN-2024032', 'Thokozani', 'Yes', 'Yes'),
('25-02-2025', 'BUS_2', 'LN-2024033', 'Ongeziwe', 'Yes', 'Yes'),
('25-02-2025', 'BUS_2', 'LN-2024034', 'Lonwabo', 'Yes', 'Yes'),
('25-02-2025', 'BUS_2', 'LN-2024035', 'Luthando', 'Yes', 'Yes'),
('25-02-2025', 'BUS_2', 'LN-2024036', 'Bandile', 'Yes', 'Yes'),
('25-02-2025', 'BUS_2', 'LN-2024037', 'Thando', 'Yes', 'No'),
('25-02-2025', 'BUS_3', 'LN-2024038', 'Nompumelelo', 'Yes', 'Yes'),
('25-02-2025', 'BUS_3', 'LN-2024039', 'Siphesihle', 'Yes', 'Yes'),
('25-02-2025', 'BUS_3', 'LN-2024040', 'Sizakele', 'Yes', 'Yes'),
('25-02-2025', 'BUS_3', 'LN-2024041', 'Lungelo', 'Yes', 'Yes'),
('25-02-2025', 'BUS_3', 'LN-2024042', 'Ayize', 'Yes', 'Yes'),
('25-02-2025', 'BUS_3', 'LN-2024043', 'Kabelo', 'Yes', 'Yes'),
('25-02-2025', 'BUS_3', 'LN-2024044', 'Ayakha', 'Yes', 'Yes'),
('25-02-2025', 'BUS_3', 'LN-2024045', 'Siyabulela', 'No', 'Yes'),
('25-02-2025', 'BUS_3', 'LN-2024046', 'Sibusiso', 'Yes', 'Yes'),
('25-02-2025', 'BUS_3', 'LN-2024047', 'Nondumiso', 'Yes', 'Yes'),
('25-02-2025', 'BUS_3', 'LN-2024048', 'Amahle', 'Yes', 'Yes'),
('25-02-2025', 'BUS_3', 'LN-2024049', 'Themba', 'Yes', 'Yes'),
('25-02-2025', 'BUS_3', 'LN-2024050', 'Ntombizodwa', 'Yes', 'Yes'),
('25-02-2025', 'BUS_3', 'LN-2024051', 'Mpho', 'Yes', 'Yes'),
('25-02-2025', 'BUS_3', 'LN-2024052', 'Vuyokazi', 'No', 'Yes'),
('26-02-2025', 'BUS_1', 'LN-2024001', 'Thabo', 'Yes', 'Yes'),
('26-02-2025', 'BUS_1', 'LN-2024002', 'Nomthandazo', 'Yes', 'Yes'),
('26-02-2025', 'BUS_1', 'LN-2024003', 'Siyanda', 'Yes', 'Yes'),
('26-02-2025', 'BUS_1', 'LN-2024004', 'Lerato', 'Yes', 'Yes'),
('26-02-2025', 'BUS_1', 'LN-2024005', 'Bongani', 'No', 'Yes'),
('26-02-2025', 'BUS_1', 'LN-2024006', 'Sipho', 'Yes', 'Yes'),
('26-02-2025', 'BUS_1', 'LN-2024007', 'Kgothatso', 'Yes', 'Yes'),
('26-02-2025', 'BUS_1', 'LN-2024008', 'Mandla', 'Yes', 'Yes'),
('26-02-2025', 'BUS_1', 'LN-2024009', 'Nokuthula', 'Yes', 'Yes'),
('26-02-2025', 'BUS_1', 'LN-2024010', 'Lwazi', 'Yes', 'Yes'),
('26-02-2025', 'BUS_1', 'LN-2024011', 'Aisha', 'Yes', 'Yes'),
('26-02-2025', 'BUS_1', 'LN-2024012', 'Thandeka', 'Yes', 'Yes'),
('26-02-2025', 'BUS_1', 'LN-2024013', 'Jabulani', 'Yes', 'Yes'),
('26-02-2025', 'BUS_1', 'LN-2024014', 'Onke', 'Yes', 'Yes'),
('26-02-2025', 'BUS_1', 'LN-2024015', 'Itumeleng', 'No', 'Yes'),
('26-02-2025', 'BUS_1', 'LN-2024016', 'Ayanda', 'Yes', 'Yes'),
('26-02-2025', 'BUS_1', 'LN-2024017', 'Nosipho', 'Yes', 'Yes'),
('26-02-2025', 'BUS_1', 'LN-2024018', 'Sizwe', 'Yes', 'Yes'),
('26-02-2025', 'BUS_1', 'LN-2024019', 'Nontokozo', 'Yes', 'Yes'),
('26-02-2025', 'BUS_1', 'LN-2024020', 'Nokwanda', 'Yes', 'No'),
('26-02-2025', 'BUS_1', 'LN-2024021', 'Xolani', 'Yes', 'Yes'),
('26-02-2025', 'BUS_1', 'LN-2024022', 'Ayabonga', 'Yes', 'No'),
('26-02-2025', 'BUS_1', 'LN-2024023', 'Zanele', 'Yes', 'Yes'),
('26-02-2025', 'BUS_1', 'LN-2024024', 'Sanele', 'Yes', 'Yes'),
('26-02-2025', 'BUS_1', 'LN-2024025', 'Thabang', 'Yes', 'Yes'),
('26-02-2025', 'BUS_1', 'LN-2024026', 'Asanda', 'Yes', 'Yes'),
('26-02-2025', 'BUS_1', 'LN-2024027', 'Khanyisile', 'Yes', 'Yes'),
('26-02-2025', 'BUS_1', 'LN-2024028', 'Simphiwe', 'Yes', 'No'),
('26-02-2025', 'BUS_1', 'LN-2024029', 'Khulani', 'Yes', 'Yes'),
('26-02-2025', 'BUS_2', 'LN-2024030', 'Nomvula', 'Yes', 'Yes'),
('26-02-2025', 'BUS_2', 'LN-2024031', 'Anele', 'Yes', 'Yes'),
('26-02-2025', 'BUS_2', 'LN-2024032', 'Thokozani', 'Yes', 'Yes'),
('26-02-2025', 'BUS_2', 'LN-2024033', 'Ongeziwe', 'Yes', 'Yes'),
('26-02-2025', 'BUS_2', 'LN-2024034', 'Lonwabo', 'Yes', 'Yes'),
('26-02-2025', 'BUS_2', 'LN-2024035', 'Luthando', 'Yes', 'Yes'),
('26-02-2025', 'BUS_2', 'LN-2024036', 'Bandile', 'Yes', 'Yes'),
('26-02-2025', 'BUS_2', 'LN-2024037', 'Thando', 'Yes', 'No'),
('26-02-2025', 'BUS_3', 'LN-2024038', 'Nompumelelo', 'Yes', 'Yes'),
('26-02-2025', 'BUS_3', 'LN-2024039', 'Siphesihle', 'Yes', 'Yes'),
('26-02-2025', 'BUS_3', 'LN-2024040', 'Sizakele', 'Yes', 'Yes'),
('26-02-2025', 'BUS_3', 'LN-2024041', 'Lungelo', 'Yes', 'Yes'),
('26-02-2025', 'BUS_3', 'LN-2024042', 'Ayize', 'Yes', 'Yes'),
('26-02-2025', 'BUS_3', 'LN-2024043', 'Kabelo', 'Yes', 'Yes'),
('26-02-2025', 'BUS_3', 'LN-2024044', 'Ayakha', 'Yes', 'Yes'),
('26-02-2025', 'BUS_3', 'LN-2024045', 'Siyabulela', 'No', 'Yes'),
('26-02-2025', 'BUS_3', 'LN-2024046', 'Sibusiso', 'Yes', 'Yes'),
('26-02-2025', 'BUS_3', 'LN-2024047', 'Nondumiso', 'Yes', 'Yes'),
('26-02-2025', 'BUS_3', 'LN-2024048', 'Amahle', 'Yes', 'Yes'),
('26-02-2025', 'BUS_3', 'LN-2024049', 'Themba', 'Yes', 'Yes'),
('26-02-2025', 'BUS_3', 'LN-2024050', 'Ntombizodwa', 'Yes', 'Yes'),
('26-02-2025', 'BUS_3', 'LN-2024051', 'Mpho', 'Yes', 'Yes'),
('26-02-2025', 'BUS_3', 'LN-2024052', 'Vuyokazi', 'No', 'Yes'),
('27-02-2025', 'BUS_1', 'LN-2024001', 'Thabo', 'Yes', 'Yes'),
('27-02-2025', 'BUS_1', 'LN-2024002', 'Nomthandazo', 'Yes', 'Yes'),
('27-02-2025', 'BUS_1', 'LN-2024003', 'Siyanda', 'Yes', 'Yes'),
('27-02-2025', 'BUS_1', 'LN-2024004', 'Lerato', 'Yes', 'Yes'),
('27-02-2025', 'BUS_1', 'LN-2024005', 'Bongani', 'No', 'Yes'),
('27-02-2025', 'BUS_1', 'LN-2024006', 'Sipho', 'Yes', 'Yes'),
('27-02-2025', 'BUS_1', 'LN-2024007', 'Kgothatso', 'Yes', 'Yes'),
('27-02-2025', 'BUS_1', 'LN-2024008', 'Mandla', 'Yes', 'Yes'),
('27-02-2025', 'BUS_1', 'LN-2024009', 'Nokuthula', 'Yes', 'Yes'),
('27-02-2025', 'BUS_1', 'LN-2024010', 'Lwazi', 'Yes', 'Yes'),
('27-02-2025', 'BUS_1', 'LN-2024011', 'Aisha', 'Yes', 'Yes'),
('27-02-2025', 'BUS_1', 'LN-2024012', 'Thandeka', 'Yes', 'Yes'),
('27-02-2025', 'BUS_1', 'LN-2024013', 'Jabulani', 'Yes', 'Yes'),
('27-02-2025', 'BUS_1', 'LN-2024014', 'Onke', 'Yes', 'Yes'),
('27-02-2025', 'BUS_1', 'LN-2024015', 'Itumeleng', 'No', 'Yes'),
('27-02-2025', 'BUS_1', 'LN-2024016', 'Ayanda', 'Yes', 'Yes'),
('27-02-2025', 'BUS_1', 'LN-2024017', 'Nosipho', 'Yes', 'Yes'),
('27-02-2025', 'BUS_1', 'LN-2024018', 'Sizwe', 'Yes', 'Yes'),
('27-02-2025', 'BUS_1', 'LN-2024019', 'Nontokozo', 'Yes', 'Yes'),
('27-02-2025', 'BUS_1', 'LN-2024020', 'Nokwanda', 'Yes', 'No'),
('27-02-2025', 'BUS_1', 'LN-2024021', 'Xolani', 'Yes', 'Yes'),
('27-02-2025', 'BUS_1', 'LN-2024022', 'Ayabonga', 'Yes', 'No'),
('27-02-2025', 'BUS_1', 'LN-2024023', 'Zanele', 'Yes', 'Yes'),
('27-02-2025', 'BUS_1', 'LN-2024024', 'Sanele', 'Yes', 'Yes'),
('27-02-2025', 'BUS_1', 'LN-2024025', 'Thabang', 'Yes', 'Yes'),
('27-02-2025', 'BUS_1', 'LN-2024026', 'Asanda', 'Yes', 'Yes'),
('27-02-2025', 'BUS_1', 'LN-2024027', 'Khanyisile', 'Yes', 'Yes'),
('27-02-2025', 'BUS_1', 'LN-2024028', 'Simphiwe', 'Yes', 'No'),
('27-02-2025', 'BUS_1', 'LN-2024029', 'Khulani', 'Yes', 'Yes'),
('27-02-2025', 'BUS_2', 'LN-2024030', 'Nomvula', 'Yes', 'Yes'),
('27-02-2025', 'BUS_2', 'LN-2024031', 'Anele', 'Yes', 'Yes'),
('27-02-2025', 'BUS_2', 'LN-2024032', 'Thokozani', 'Yes', 'Yes'),
('27-02-2025', 'BUS_2', 'LN-2024033', 'Ongeziwe', 'Yes', 'Yes'),
('27-02-2025', 'BUS_2', 'LN-2024034', 'Lonwabo', 'Yes', 'Yes'),
('27-02-2025', 'BUS_2', 'LN-2024035', 'Luthando', 'Yes', 'Yes'),
('27-02-2025', 'BUS_2', 'LN-2024036', 'Bandile', 'Yes', 'Yes'),
('27-02-2025', 'BUS_2', 'LN-2024037', 'Thando', 'Yes', 'No'),
('27-02-2025', 'BUS_3', 'LN-2024038', 'Nompumelelo', 'Yes', 'Yes'),
('27-02-2025', 'BUS_3', 'LN-2024039', 'Siphesihle', 'Yes', 'Yes'),
('27-02-2025', 'BUS_3', 'LN-2024040', 'Sizakele', 'Yes', 'Yes'),
('27-02-2025', 'BUS_3', 'LN-2024041', 'Lungelo', 'Yes', 'Yes'),
('27-02-2025', 'BUS_3', 'LN-2024042', 'Ayize', 'Yes', 'Yes'),
('27-02-2025', 'BUS_3', 'LN-2024043', 'Kabelo', 'Yes', 'Yes'),
('27-02-2025', 'BUS_3', 'LN-2024044', 'Ayakha', 'Yes', 'Yes'),
('27-02-2025', 'BUS_3', 'LN-2024045', 'Siyabulela', 'No', 'Yes'),
('27-02-2025', 'BUS_3', 'LN-2024046', 'Sibusiso', 'Yes', 'Yes'),
('27-02-2025', 'BUS_3', 'LN-2024047', 'Nondumiso', 'Yes', 'Yes'),
('27-02-2025', 'BUS_3', 'LN-2024048', 'Amahle', 'Yes', 'Yes'),
('27-02-2025', 'BUS_3', 'LN-2024049', 'Themba', 'Yes', 'Yes'),
('27-02-2025', 'BUS_3', 'LN-2024050', 'Ntombizodwa', 'Yes', 'Yes'),
('27-02-2025', 'BUS_3', 'LN-2024051', 'Mpho', 'Yes', 'Yes'),
('27-02-2025', 'BUS_3', 'LN-2024052', 'Vuyokazi', 'No', 'Yes'),
('28-02-2025', 'BUS_1', 'LN-2024001', 'Thabo', 'Yes', 'Yes'),
('28-02-2025', 'BUS_1', 'LN-2024002', 'Nomthandazo', 'Yes', 'Yes'),
('28-02-2025', 'BUS_1', 'LN-2024003', 'Siyanda', 'Yes', 'Yes'),
('28-02-2025', 'BUS_1', 'LN-2024004', 'Lerato', 'Yes', 'Yes'),
('28-02-2025', 'BUS_1', 'LN-2024005', 'Bongani', 'No', 'Yes'),
('28-02-2025', 'BUS_1', 'LN-2024006', 'Sipho', 'Yes', 'Yes'),
('28-02-2025', 'BUS_1', 'LN-2024007', 'Kgothatso', 'Yes', 'Yes'),
('28-02-2025', 'BUS_1', 'LN-2024008', 'Mandla', 'Yes', 'Yes'),
('28-02-2025', 'BUS_1', 'LN-2024009', 'Nokuthula', 'Yes', 'Yes'),
('28-02-2025', 'BUS_1', 'LN-2024010', 'Lwazi', 'Yes', 'Yes'),
('28-02-2025', 'BUS_1', 'LN-2024011', 'Aisha', 'Yes', 'Yes'),
('28-02-2025', 'BUS_1', 'LN-2024012', 'Thandeka', 'Yes', 'Yes'),
('28-02-2025', 'BUS_1', 'LN-2024013', 'Jabulani', 'Yes', 'Yes'),
('28-02-2025', 'BUS_1', 'LN-2024014', 'Onke', 'Yes', 'Yes'),
('28-02-2025', 'BUS_1', 'LN-2024015', 'Itumeleng', 'No', 'Yes'),
('28-02-2025', 'BUS_1', 'LN-2024016', 'Ayanda', 'Yes', 'Yes'),
('28-02-2025', 'BUS_1', 'LN-2024017', 'Nosipho', 'Yes', 'Yes'),
('28-02-2025', 'BUS_1', 'LN-2024018', 'Sizwe', 'Yes', 'Yes'),
('28-02-2025', 'BUS_1', 'LN-2024019', 'Nontokozo', 'Yes', 'Yes'),
('28-02-2025', 'BUS_1', 'LN-2024020', 'Nokwanda', 'Yes', 'No'),
('28-02-2025', 'BUS_1', 'LN-2024021', 'Xolani', 'Yes', 'Yes'),
('28-02-2025', 'BUS_1', 'LN-2024022', 'Ayabonga', 'Yes', 'No'),
('28-02-2025', 'BUS_1', 'LN-2024023', 'Zanele', 'Yes', 'Yes'),
('28-02-2025', 'BUS_1', 'LN-2024024', 'Sanele', 'Yes', 'Yes'),
('28-02-2025', 'BUS_1', 'LN-2024025', 'Thabang', 'Yes', 'Yes'),
('28-02-2025', 'BUS_1', 'LN-2024026', 'Asanda', 'Yes', 'Yes'),
('28-02-2025', 'BUS_1', 'LN-2024027', 'Khanyisile', 'Yes', 'Yes'),
('28-02-2025', 'BUS_1', 'LN-2024028', 'Simphiwe', 'Yes', 'No'),
('28-02-2025', 'BUS_1', 'LN-2024029', 'Khulani', 'Yes', 'Yes'),
('28-02-2025', 'BUS_2', 'LN-2024030', 'Nomvula', 'Yes', 'Yes'),
('28-02-2025', 'BUS_2', 'LN-2024031', 'Anele', 'Yes', 'Yes'),
('28-02-2025', 'BUS_2', 'LN-2024032', 'Thokozani', 'Yes', 'Yes'),
('28-02-2025', 'BUS_2', 'LN-2024033', 'Ongeziwe', 'Yes', 'Yes'),
('28-02-2025', 'BUS_2', 'LN-2024034', 'Lonwabo', 'Yes', 'Yes'),
('28-02-2025', 'BUS_2', 'LN-2024035', 'Luthando', 'Yes', 'Yes'),
('28-02-2025', 'BUS_2', 'LN-2024036', 'Bandile', 'Yes', 'Yes'),
('28-02-2025', 'BUS_2', 'LN-2024037', 'Thando', 'Yes', 'No'),
('28-02-2025', 'BUS_3', 'LN-2024038', 'Nompumelelo', 'Yes', 'Yes'),
('28-02-2025', 'BUS_3', 'LN-2024039', 'Siphesihle', 'Yes', 'Yes'),
('28-02-2025', 'BUS_3', 'LN-2024040', 'Sizakele', 'Yes', 'Yes'),
('28-02-2025', 'BUS_3', 'LN-2024041', 'Lungelo', 'Yes', 'Yes'),
('28-02-2025', 'BUS_3', 'LN-2024042', 'Ayize', 'Yes', 'Yes'),
('28-02-2025', 'BUS_3', 'LN-2024043', 'Kabelo', 'Yes', 'Yes'),
('28-02-2025', 'BUS_3', 'LN-2024044', 'Ayakha', 'Yes', 'Yes'),
('28-02-2025', 'BUS_3', 'LN-2024045', 'Siyabulela', 'No', 'Yes'),
('28-02-2025', 'BUS_3', 'LN-2024046', 'Sibusiso', 'Yes', 'Yes'),
('28-02-2025', 'BUS_3', 'LN-2024047', 'Nondumiso', 'Yes', 'Yes'),
('28-02-2025', 'BUS_3', 'LN-2024048', 'Amahle', 'Yes', 'Yes'),
('28-02-2025', 'BUS_3', 'LN-2024049', 'Themba', 'Yes', 'Yes'),
('28-02-2025', 'BUS_3', 'LN-2024050', 'Ntombizodwa', 'Yes', 'Yes'),
('28-02-2025', 'BUS_3', 'LN-2024051', 'Mpho', 'Yes', 'Yes'),
('28-02-2025', 'BUS_3', 'LN-2024052', 'Vuyokazi', 'No', 'Yes');

-- --------------------------------------------------------

--
-- Table structure for table `learner`
--

CREATE TABLE `learner` (
  `LEARNER_NUM` varchar(10) CHARACTER SET utf8mb4 COLLATE utf8mb4_general_ci NOT NULL,
  `NAME` varchar(13) DEFAULT NULL,
  `SURNAME` varchar(13) DEFAULT NULL,
  `CELLPHONE_NUM` varchar(12) DEFAULT NULL,
  `GRADE` int(2) DEFAULT NULL,
  `PARENT_NUM` varchar(100) CHARACTER SET utf8mb4 COLLATE utf8mb4_general_ci NOT NULL
) ENGINE=InnoDB DEFAULT CHARSET=utf8 COLLATE=utf8_general_ci;

--
-- Dumping data for table `learner`
--

INSERT INTO `learner` (`LEARNER_NUM`, `NAME`, `SURNAME`, `CELLPHONE_NUM`, `GRADE`, `PARENT_NUM`) VALUES
('LN-144444', 'Kang-Lee', 'Un', '0812345222', 12, 'PA-100000'),
('LN-144445', 'Kang-Lee', 'Un', '0812345222', 12, 'PA-100000'),
('LN-2024001', 'Thabo', 'Ndlovu', '082 456 7890', 9, 'PA-876532'),
('LN-2024002', 'Nomthandazo', 'Molefe', '071 234 5678', 10, 'PA-342189'),
('LN-2024003', 'Siyanda', 'Molefe', '076 543 2109', 8, 'PA-342189'),
('LN-2024004', 'Lerato', 'Naidoo', '083 987 6543', 8, 'PA-509721'),
('LN-2024005', 'Bongani', 'Naidoo', '079 321 8765', 8, 'PA-509721'),
('LN-2024006', 'Sipho', 'Dlamini', '074 876 5432', 12, 'PA-125430'),
('LN-2024007', 'Kgothatso', 'Mkhize', '081 234 5678', 9, 'PA-794603'),
('LN-2024008', 'Mandla', 'Mkhize', '073 456 7890', 11, 'PA-794603'),
('LN-2024009', 'Nokuthula', 'Mkhize', '078 987 6543', 10, 'PA-794603'),
('LN-2024010', 'Lwazi', 'Van Wyk', '072 345 6789', 10, 'PA-231097'),
('LN-2024011', 'Aisha', 'Mabuza', '084 567 8901', 12, 'PA-605814'),
('LN-2024012', 'Thandeka', 'Mabuza', '070 123 4567', 12, 'PA-605814'),
('LN-2024013', 'Jabulani', 'Khumalo', '075 432 1098', 9, 'PA-978245'),
('LN-2024014', 'Onke', 'Khumalo', '080 987 6543', 12, 'PA-978245'),
('LN-2024015', 'Itumeleng', 'Nkosi', '083 210 9876', 8, 'PA-416032'),
('LN-2024016', 'Ayanda', 'Mahlangu', '076 789 0123', 10, 'PA-760981'),
('LN-2024017', 'Nosipho', 'Mahlangu', '079 543 2109', 11, 'PA-760981'),
('LN-2024018', 'Sizwe', 'Mthembu', '082 109 8765', 10, 'PA-204796'),
('LN-2024019', 'Nontokozo', 'Botha', '071 890 1234', 9, 'PA-204796'),
('LN-2024020', 'Nokwanda', 'Botha', '077 654 3210', 10, 'PA-204796'),
('LN-2024021', 'Xolani', 'Zulu', '074 321 0987', 12, 'PA-931465'),
('LN-2024022', 'Ayabonga', 'Mokoena', '081 876 5432', 12, 'PA-372509'),
('LN-2024023', 'Zanele', 'Ngubane', '073 098 7654', 11, 'PA-589143'),
('LN-2024024', 'Sanele', 'Ngubane', '078 654 3210', 9, 'PA-589143'),
('LN-2024025', 'Thabang', 'Buthelezi', '072 789 0123', 8, 'PA-740512'),
('LN-2024026', 'Asanda', 'Motloung', '085 432 1098', 12, 'PA-125789'),
('LN-2024027', 'Khanyisile', 'Motloung', '070 987 6543', 10, 'PA-125789'),
('LN-2024028', 'Simphiwe', 'Ndaba', '075 210 9876', 12, 'PA-654320'),
('LN-2024029', 'Khulani', 'Kgomo', '080 789 0123', 10, 'PA-879043'),
('LN-2024030', 'Nomvula', 'Kgomo', '084 321 0987', 9, 'PA-879043'),
('LN-2024031', 'Anele', 'Ngwenya', '081 098 7654', 9, 'PA-405672'),
('LN-2024032', 'Thokozani', 'Ngwenya', '076 654 3210', 8, 'PA-405672'),
('LN-2024033', 'Ongeziwe', 'Hlongwane', '073 789 0123', 8, 'PA-937280'),
('LN-2024034', 'Lonwabo', 'Van der Merwe', '078 432 1098', 8, 'PA-560392'),
('LN-2024035', 'Luthando', 'Van der Merwe', '072 210 9876', 8, 'PA-560392'),
('LN-2024036', 'Bandile', 'De Klerk', '079 789 0123', 8, 'PA-320987'),
('LN-2024037', 'Thando', 'Van Rooyen', '082 321 0987', 9, 'PA-854301'),
('LN-2024038', 'Nompumelelo', 'Jansen', '071 098 7654', 10, 'PA-691324'),
('LN-2024039', 'Siphesihle', 'Van Niekerk', '077 432 1098', 12, 'PA-204587'),
('LN-2024040', 'Sizakele', 'Van Niekerk', '074 210 9876', 9, 'PA-204587'),
('LN-2024041', 'Lungelo', 'Du Plessis', '081 789 0123', 12, 'PA-735890'),
('LN-2024042', 'Ayize', 'Du Plessis', '076 432 1098', 8, 'PA-735890'),
('LN-2024043', 'Kabelo', 'Van den Berg', '083 876 5432', 11, 'PA-410953'),
('LN-2024044', 'Ayakha', 'Van Zyl', '070 654 3210', 10, 'PA-569421'),
('LN-2024045', 'Siyabulela', 'Ferreira', '085 789 0123', 9, 'PA-890176'),
('LN-2024046', 'Sibusiso', 'Ferreira', '080 432 1098', 10, 'PA-890176'),
('LN-2024047', 'Nondumiso', 'Martins', '084 876 5432', 9, 'PA-247803'),
('LN-2024048', 'Amahle', 'Da Silva', '071 654 3210', 12, 'PA-683254'),
('LN-2024049', 'Themba', 'Adams', '077 789 0123', 8, 'PA-109736'),
('LN-2024050', 'Ntombizodwa', 'Jacobs', '072 432 1098', 8, 'PA-497610'),
('LN-2024051', 'Mpho', 'Solomons', '079 876 5432', 10, 'PA-823469'),
('LN-2024052', 'Vuyokazi', 'Booysen', '082 654 3210', 11, 'PA-365918'),
('LN-2024053', 'Sipho', 'Booysen', '078 789 0123', 12, 'PA-365918'),
('LN-2024054', 'Zizipho', 'Booysen', '073 432 1098', 9, 'PA-365918'),
('LN-2024055', 'Anathi', 'Fortuin', '081 876 5432', 10, 'PA-548271'),
('LN-2024056', 'Yoliswa', 'Pienaar', '076 654 3210', 8, 'PA-196345'),
('LN-2024057', 'Thabiso', 'Pienaar', '083 789 0123', 12, 'PA-196345'),
('LN-2024058', 'Muzi', 'Koopman', '079 432 1098', 11, 'PA-701283'),
('LN-2024059', 'Busisiwe', 'September', '074 876 5432', 8, 'PA-432789'),
('LN-2024060', 'Lwandle', 'Titus', '081 654 3210', 10, 'PA-985317'),
('LN-2024061', 'Nomathamsanqa', 'Van As', '077 789 0123', 10, 'PA-213874'),
('LN-2024062', 'Sabelo', 'Cloete', '072 432 1098', 9, 'PA-647809'),
('LN-2024063', 'Ntombizethu', 'Cloete', '078 876 5432', 8, 'PA-647809'),
('LN-2024064', 'Onwabile', 'Hendricks', '083 654 3210', 8, 'PA-870132'),
('LN-2024065', 'Sinenhlanhla', 'Isaacs', '080 789 0123', 9, 'PA-319768'),
('LN-2024066', 'Siyamthanda', 'Davids', '085 432 1098', 10, 'PA-506273'),
('LN-2024067', 'Khanya', 'Van Rensburg', '081 210 9876', 11, 'PA-942081'),
('LN-2024068', 'Siphokazi', 'Van Rensburg', '076 789 0123', 10, 'PA-942081'),
('LN-2024069', 'Nozuko', 'De Lange', '083 432 1098', 12, 'PA-758921'),
('LN-2024070', 'Andiswa', 'Louw', '08210 9876', 9, 'PA-631874'),
('LN-982172', 'Mai', 'Jongilanga', '0815127052', 8, 'PA-100000'),
('LN-982199', 'Kim', 'Jongi', '0815127555', 9, 'PA-100000'),
('LN-982766', 'Kim', 'Jongi', '0815127555', 9, 'PA-100000'),
('LN-982788', 'Kim', 'Jongi', '0815127555', 9, 'PA-100000');

-- --------------------------------------------------------

--
-- Table structure for table `morning_pickup`
--

CREATE TABLE `morning_pickup` (
  `Date` date DEFAULT NULL,
  `route` int(1) DEFAULT NULL,
  `Learner_Num` varchar(10) DEFAULT NULL,
  `name` varchar(11) DEFAULT NULL
) ENGINE=InnoDB DEFAULT CHARSET=utf8 COLLATE=utf8_general_ci;

--
-- Dumping data for table `morning_pickup`
--

INSERT INTO `morning_pickup` (`Date`, `route`, `Learner_Num`, `name`) VALUES
('2025-02-06', 1, 'LN-2024001', 'Thabo'),
('2025-02-06', 1, 'LN-2024002', 'Nomthandazo'),
('2025-02-06', 1, 'LN-2024003', 'Siyanda'),
('2025-02-06', 1, 'LN-2024005', 'Bongani'),
('2025-02-06', 1, 'LN-2024006', 'Sipho'),
('2025-02-06', 1, 'LN-2024007', 'Kgothatso'),
('2025-02-06', 1, 'LN-2024008', 'Mandla'),
('2025-02-06', 1, 'LN-2024009', 'Nokuthula'),
('2025-02-06', 1, 'LN-2024010', 'Lwazi'),
('2025-02-06', 1, 'LN-2024011', 'Aisha'),
('2025-02-06', 1, 'LN-2024012', 'Thandeka'),
('2025-02-06', 1, 'LN-2024013', 'Jabulani'),
('2025-02-06', 1, 'LN-2024015', 'Itumeleng'),
('2025-02-06', 1, 'LN-2024016', 'Ayanda'),
('2025-02-06', 1, 'LN-2024017', 'Nosipho'),
('2025-02-06', 1, 'LN-2024018', 'Sizwe'),
('2025-02-06', 1, 'LN-2024019', 'Nontokozo'),
('2025-02-06', 1, 'LN-2024020', 'Nokwanda'),
('2025-02-06', 1, 'LN-2024021', 'Xolani'),
('2025-02-06', 1, 'LN-2024022', 'Ayabonga'),
('2025-02-06', 1, 'LN-2024023', 'Zanele'),
('2025-02-06', 1, 'LN-2024024', 'Sanele'),
('2025-02-06', 1, 'LN-2024026', 'Asanda'),
('2025-02-06', 1, 'LN-2024027', 'Khanyisile'),
('2025-02-06', 1, 'LN-2024028', 'Simphiwe'),
('2025-02-06', 1, 'LN-2024029', 'Khulani'),
('2025-02-06', 2, 'LN-2024030', 'Nomvula'),
('2025-02-06', 2, 'LN-2024031', 'Anele'),
('2025-02-06', 2, 'LN-2024032', 'Thokozani'),
('2025-02-06', 2, 'LN-2024033', 'Ongeziwe'),
('2025-02-06', 2, 'LN-2024034', 'Lonwabo'),
('2025-02-06', 2, 'LN-2024035', 'Luthando'),
('2025-02-06', 2, 'LN-2024036', 'Bandile'),
('2025-02-06', 2, 'LN-2024037', 'Thando'),
('2025-02-06', 3, 'LN-2024038', 'Nompumelelo'),
('2025-02-06', 3, 'LN-2024039', 'Siphesihle'),
('2025-02-06', 3, 'LN-2024041', 'Lungelo'),
('2025-02-06', 3, 'LN-2024042', 'Ayize'),
('2025-02-06', 3, 'LN-2024043', 'Kabelo'),
('2025-02-06', 3, 'LN-2024044', 'Ayakha'),
('2025-02-06', 3, 'LN-2024045', 'Siyabulela'),
('2025-02-06', 3, 'LN-2024046', 'Sibusiso'),
('2025-02-06', 3, 'LN-2024047', 'Nondumiso'),
('2025-02-06', 3, 'LN-2024048', 'Amahle'),
('2025-02-06', 3, 'LN-2024049', 'Themba'),
('2025-02-06', 3, 'LN-2024050', 'Ntombizodwa'),
('2025-02-06', 3, 'LN-2024051', 'Mpho'),
('2025-02-06', 3, 'LN-2024052', 'Vuyokazi'),
('2025-02-07', 1, 'LN-2024001', 'Thabo'),
('2025-02-07', 1, 'LN-2024002', 'Nomthandazo'),
('2025-02-07', 1, 'LN-2024003', 'Siyanda'),
('2025-02-07', 1, 'LN-2024004', 'Lerato'),
('2025-02-07', 1, 'LN-2024005', 'Bongani'),
('2025-02-07', 1, 'LN-2024006', 'Sipho'),
('2025-02-07', 1, 'LN-2024007', 'Kgothatso'),
('2025-02-07', 1, 'LN-2024008', 'Mandla'),
('2025-02-07', 1, 'LN-2024009', 'Nokuthula'),
('2025-02-07', 1, 'LN-2024010', 'Lwazi'),
('2025-02-07', 1, 'LN-2024011', 'Aisha'),
('2025-02-07', 1, 'LN-2024012', 'Thandeka'),
('2025-02-07', 1, 'LN-2024013', 'Jabulani'),
('2025-02-07', 1, 'LN-2024014', 'Onke'),
('2025-02-07', 1, 'LN-2024015', 'Itumeleng'),
('2025-02-07', 1, 'LN-2024016', 'Ayanda'),
('2025-02-07', 1, 'LN-2024017', 'Nosipho'),
('2025-02-07', 1, 'LN-2024018', 'Sizwe'),
('2025-02-07', 1, 'LN-2024019', 'Nontokozo'),
('2025-02-07', 1, 'LN-2024020', 'Nokwanda'),
('2025-02-07', 1, 'LN-2024021', 'Xolani'),
('2025-02-07', 1, 'LN-2024022', 'Ayabonga'),
('2025-02-07', 1, 'LN-2024023', 'Zanele'),
('2025-02-07', 1, 'LN-2024024', 'Sanele'),
('2025-02-07', 1, 'LN-2024025', 'Thabang'),
('2025-02-07', 1, 'LN-2024026', 'Asanda'),
('2025-02-07', 1, 'LN-2024027', 'Khanyisile'),
('2025-02-07', 1, 'LN-2024028', 'Simphiwe'),
('2025-02-07', 2, 'LN-2024030', 'Nomvula'),
('2025-02-07', 2, 'LN-2024031', 'Anele'),
('2025-02-07', 2, 'LN-2024032', 'Thokozani'),
('2025-02-07', 2, 'LN-2024033', 'Ongeziwe'),
('2025-02-07', 2, 'LN-2024034', 'Lonwabo'),
('2025-02-07', 2, 'LN-2024035', 'Luthando'),
('2025-02-07', 2, 'LN-2024036', 'Bandile'),
('2025-02-07', 2, 'LN-2024037', 'Thando'),
('2025-02-07', 3, 'LN-2024038', 'Nompumelelo'),
('2025-02-07', 3, 'LN-2024039', 'Siphesihle'),
('2025-02-07', 3, 'LN-2024040', 'Sizakele'),
('2025-02-07', 3, 'LN-2024041', 'Lungelo'),
('2025-02-07', 3, 'LN-2024042', 'Ayize'),
('2025-02-07', 3, 'LN-2024043', 'Kabelo'),
('2025-02-07', 3, 'LN-2024044', 'Ayakha'),
('2025-02-07', 3, 'LN-2024045', 'Siyabulela'),
('2025-02-07', 3, 'LN-2024046', 'Sibusiso'),
('2025-02-07', 3, 'LN-2024047', 'Nondumiso'),
('2025-02-07', 3, 'LN-2024048', 'Amahle'),
('2025-02-07', 3, 'LN-2024049', 'Themba'),
('2025-02-07', 3, 'LN-2024050', 'Ntombizodwa'),
('2025-02-07', 3, 'LN-2024051', 'Mpho'),
('2025-02-07', 3, 'LN-2024052', 'Vuyokazi'),
('2025-02-10', 1, 'LN-2024001', 'Thabo'),
('2025-02-10', 1, 'LN-2024002', 'Nomthandazo'),
('2025-02-10', 1, 'LN-2024003', 'Siyanda'),
('2025-02-10', 1, 'LN-2024004', 'Lerato'),
('2025-02-10', 1, 'LN-2024005', 'Bongani'),
('2025-02-10', 1, 'LN-2024006', 'Sipho'),
('2025-02-10', 1, 'LN-2024007', 'Kgothatso'),
('2025-02-10', 1, 'LN-2024008', 'Mandla'),
('2025-02-10', 1, 'LN-2024009', 'Nokuthula'),
('2025-02-10', 1, 'LN-2024010', 'Lwazi'),
('2025-02-10', 1, 'LN-2024011', 'Aisha'),
('2025-02-10', 1, 'LN-2024012', 'Thandeka'),
('2025-02-10', 1, 'LN-2024014', 'Onke'),
('2025-02-10', 1, 'LN-2024015', 'Itumeleng'),
('2025-02-10', 1, 'LN-2024016', 'Ayanda'),
('2025-02-10', 1, 'LN-2024017', 'Nosipho'),
('2025-02-10', 1, 'LN-2024018', 'Sizwe'),
('2025-02-10', 1, 'LN-2024019', 'Nontokozo'),
('2025-02-10', 1, 'LN-2024020', 'Nokwanda'),
('2025-02-10', 1, 'LN-2024021', 'Xolani'),
('2025-02-10', 1, 'LN-2024022', 'Ayabonga'),
('2025-02-10', 1, 'LN-2024023', 'Zanele'),
('2025-02-10', 1, 'LN-2024024', 'Sanele'),
('2025-02-10', 1, 'LN-2024025', 'Thabang'),
('2025-02-10', 1, 'LN-2024026', 'Asanda'),
('2025-02-10', 1, 'LN-2024027', 'Khanyisile'),
('2025-02-10', 1, 'LN-2024028', 'Simphiwe'),
('2025-02-10', 1, 'LN-2024029', 'Khulani'),
('2025-02-10', 2, 'LN-2024030', 'Nomvula'),
('2025-02-10', 2, 'LN-2024031', 'Anele'),
('2025-02-10', 2, 'LN-2024032', 'Thokozani'),
('2025-02-10', 2, 'LN-2024033', 'Ongeziwe'),
('2025-02-10', 2, 'LN-2024034', 'Lonwabo'),
('2025-02-10', 2, 'LN-2024035', 'Luthando'),
('2025-02-10', 2, 'LN-2024036', 'Bandile'),
('2025-02-10', 2, 'LN-2024037', 'Thando'),
('2025-02-10', 3, 'LN-2024038', 'Nompumelelo'),
('2025-02-10', 3, 'LN-2024039', 'Siphesihle'),
('2025-02-10', 3, 'LN-2024040', 'Sizakele'),
('2025-02-10', 3, 'LN-2024042', 'Ayize'),
('2025-02-10', 3, 'LN-2024043', 'Kabelo'),
('2025-02-10', 3, 'LN-2024044', 'Ayakha'),
('2025-02-10', 3, 'LN-2024045', 'Siyabulela'),
('2025-02-10', 3, 'LN-2024046', 'Sibusiso'),
('2025-02-10', 3, 'LN-2024047', 'Nondumiso'),
('2025-02-10', 3, 'LN-2024048', 'Amahle'),
('2025-02-10', 3, 'LN-2024049', 'Themba'),
('2025-02-10', 3, 'LN-2024050', 'Ntombizodwa'),
('2025-02-10', 3, 'LN-2024051', 'Mpho'),
('2025-02-10', 3, 'LN-2024052', 'Vuyokazi'),
('2025-02-11', 1, 'LN-2024001', 'Thabo'),
('2025-02-11', 1, 'LN-2024002', 'Nomthandazo'),
('2025-02-11', 1, 'LN-2024003', 'Siyanda'),
('2025-02-11', 1, 'LN-2024004', 'Lerato'),
('2025-02-11', 1, 'LN-2024005', 'Bongani'),
('2025-02-11', 1, 'LN-2024006', 'Sipho'),
('2025-02-11', 1, 'LN-2024007', 'Kgothatso'),
('2025-02-11', 1, 'LN-2024008', 'Mandla'),
('2025-02-11', 1, 'LN-2024009', 'Nokuthula'),
('2025-02-11', 1, 'LN-2024010', 'Lwazi'),
('2025-02-11', 1, 'LN-2024011', 'Aisha'),
('2025-02-11', 1, 'LN-2024012', 'Thandeka'),
('2025-02-11', 1, 'LN-2024013', 'Jabulani'),
('2025-02-11', 1, 'LN-2024014', 'Onke'),
('2025-02-11', 1, 'LN-2024015', 'Itumeleng'),
('2025-02-11', 1, 'LN-2024016', 'Ayanda'),
('2025-02-11', 1, 'LN-2024017', 'Nosipho'),
('2025-02-11', 1, 'LN-2024018', 'Sizwe'),
('2025-02-11', 1, 'LN-2024019', 'Nontokozo'),
('2025-02-11', 1, 'LN-2024020', 'Nokwanda'),
('2025-02-11', 1, 'LN-2024021', 'Xolani'),
('2025-02-11', 1, 'LN-2024022', 'Ayabonga'),
('2025-02-11', 1, 'LN-2024023', 'Zanele'),
('2025-02-11', 1, 'LN-2024024', 'Sanele'),
('2025-02-11', 1, 'LN-2024025', 'Thabang'),
('2025-02-11', 1, 'LN-2024026', 'Asanda'),
('2025-02-11', 1, 'LN-2024027', 'Khanyisile'),
('2025-02-11', 1, 'LN-2024028', 'Simphiwe'),
('2025-02-11', 1, 'LN-2024029', 'Khulani'),
('2025-02-11', 2, 'LN-2024030', 'Nomvula'),
('2025-02-11', 2, 'LN-2024032', 'Thokozani'),
('2025-02-11', 2, 'LN-2024033', 'Ongeziwe'),
('2025-02-11', 2, 'LN-2024034', 'Lonwabo'),
('2025-02-11', 2, 'LN-2024035', 'Luthando'),
('2025-02-11', 2, 'LN-2024036', 'Bandile'),
('2025-02-11', 2, 'LN-2024037', 'Thando'),
('2025-02-11', 3, 'LN-2024038', 'Nompumelelo'),
('2025-02-11', 3, 'LN-2024039', 'Siphesihle'),
('2025-02-11', 3, 'LN-2024040', 'Sizakele'),
('2025-02-11', 3, 'LN-2024041', 'Lungelo'),
('2025-02-11', 3, 'LN-2024042', 'Ayize'),
('2025-02-11', 3, 'LN-2024043', 'Kabelo'),
('2025-02-11', 3, 'LN-2024044', 'Ayakha'),
('2025-02-11', 3, 'LN-2024045', 'Siyabulela'),
('2025-02-11', 3, 'LN-2024046', 'Sibusiso'),
('2025-02-11', 3, 'LN-2024047', 'Nondumiso'),
('2025-02-11', 3, 'LN-2024048', 'Amahle'),
('2025-02-11', 3, 'LN-2024049', 'Themba'),
('2025-02-11', 3, 'LN-2024050', 'Ntombizodwa'),
('2025-02-11', 3, 'LN-2024051', 'Mpho'),
('2025-02-11', 3, 'LN-2024052', 'Vuyokazi'),
('2025-02-12', 1, 'LN-2024001', 'Thabo'),
('2025-02-12', 1, 'LN-2024002', 'Nomthandazo'),
('2025-02-12', 1, 'LN-2024003', 'Siyanda'),
('2025-02-12', 1, 'LN-2024004', 'Lerato'),
('2025-02-12', 1, 'LN-2024005', 'Bongani'),
('2025-02-12', 1, 'LN-2024006', 'Sipho'),
('2025-02-12', 1, 'LN-2024007', 'Kgothatso'),
('2025-02-12', 1, 'LN-2024008', 'Mandla'),
('2025-02-12', 1, 'LN-2024009', 'Nokuthula'),
('2025-02-12', 1, 'LN-2024010', 'Lwazi'),
('2025-02-12', 1, 'LN-2024011', 'Aisha'),
('2025-02-12', 1, 'LN-2024012', 'Thandeka'),
('2025-02-12', 1, 'LN-2024013', 'Jabulani'),
('2025-02-12', 1, 'LN-2024014', 'Onke'),
('2025-02-12', 1, 'LN-2024015', 'Itumeleng'),
('2025-02-12', 1, 'LN-2024016', 'Ayanda'),
('2025-02-12', 1, 'LN-2024017', 'Nosipho'),
('2025-02-12', 1, 'LN-2024018', 'Sizwe'),
('2025-02-12', 1, 'LN-2024020', 'Nokwanda'),
('2025-02-12', 1, 'LN-2024021', 'Xolani'),
('2025-02-12', 1, 'LN-2024022', 'Ayabonga'),
('2025-02-12', 1, 'LN-2024023', 'Zanele'),
('2025-02-12', 1, 'LN-2024024', 'Sanele'),
('2025-02-12', 1, 'LN-2024025', 'Thabang'),
('2025-02-12', 1, 'LN-2024026', 'Asanda'),
('2025-02-12', 1, 'LN-2024027', 'Khanyisile'),
('2025-02-12', 1, 'LN-2024028', 'Simphiwe'),
('2025-02-12', 1, 'LN-2024029', 'Khulani'),
('2025-02-12', 2, 'LN-2024030', 'Nomvula'),
('2025-02-12', 2, 'LN-2024031', 'Anele'),
('2025-02-12', 2, 'LN-2024032', 'Thokozani'),
('2025-02-12', 2, 'LN-2024033', 'Ongeziwe'),
('2025-02-12', 2, 'LN-2024034', 'Lonwabo'),
('2025-02-12', 2, 'LN-2024035', 'Luthando'),
('2025-02-12', 2, 'LN-2024036', 'Bandile'),
('2025-02-12', 2, 'LN-2024037', 'Thando'),
('2025-02-12', 3, 'LN-2024038', 'Nompumelelo'),
('2025-02-12', 3, 'LN-2024039', 'Siphesihle'),
('2025-02-12', 3, 'LN-2024040', 'Sizakele'),
('2025-02-12', 3, 'LN-2024041', 'Lungelo'),
('2025-02-12', 3, 'LN-2024042', 'Ayize'),
('2025-02-12', 3, 'LN-2024043', 'Kabelo'),
('2025-02-12', 3, 'LN-2024044', 'Ayakha'),
('2025-02-12', 3, 'LN-2024045', 'Siyabulela'),
('2025-02-12', 3, 'LN-2024046', 'Sibusiso'),
('2025-02-12', 3, 'LN-2024047', 'Nondumiso'),
('2025-02-12', 3, 'LN-2024048', 'Amahle'),
('2025-02-12', 3, 'LN-2024049', 'Themba'),
('2025-02-12', 3, 'LN-2024050', 'Ntombizodwa'),
('2025-02-12', 3, 'LN-2024051', 'Mpho'),
('2025-02-12', 3, 'LN-2024052', 'Vuyokazi'),
('2025-02-13', 1, 'LN-2024001', 'Thabo'),
('2025-02-13', 1, 'LN-2024003', 'Siyanda'),
('2025-02-13', 1, 'LN-2024004', 'Lerato'),
('2025-02-13', 1, 'LN-2024005', 'Bongani'),
('2025-02-13', 1, 'LN-2024006', 'Sipho'),
('2025-02-13', 1, 'LN-2024007', 'Kgothatso'),
('2025-02-13', 1, 'LN-2024008', 'Mandla'),
('2025-02-13', 1, 'LN-2024009', 'Nokuthula'),
('2025-02-13', 1, 'LN-2024010', 'Lwazi'),
('2025-02-13', 1, 'LN-2024011', 'Aisha'),
('2025-02-13', 1, 'LN-2024012', 'Thandeka'),
('2025-02-13', 1, 'LN-2024013', 'Jabulani'),
('2025-02-13', 1, 'LN-2024014', 'Onke'),
('2025-02-13', 1, 'LN-2024015', 'Itumeleng'),
('2025-02-13', 1, 'LN-2024016', 'Ayanda'),
('2025-02-13', 1, 'LN-2024017', 'Nosipho'),
('2025-02-13', 1, 'LN-2024018', 'Sizwe'),
('2025-02-13', 1, 'LN-2024019', 'Nontokozo'),
('2025-02-13', 1, 'LN-2024020', 'Nokwanda'),
('2025-02-13', 1, 'LN-2024021', 'Xolani'),
('2025-02-13', 1, 'LN-2024022', 'Ayabonga'),
('2025-02-13', 1, 'LN-2024023', 'Zanele'),
('2025-02-13', 1, 'LN-2024024', 'Sanele'),
('2025-02-13', 1, 'LN-2024025', 'Thabang'),
('2025-02-13', 1, 'LN-2024026', 'Asanda'),
('2025-02-13', 1, 'LN-2024027', 'Khanyisile'),
('2025-02-13', 1, 'LN-2024028', 'Simphiwe'),
('2025-02-13', 1, 'LN-2024029', 'Khulani'),
('2025-02-13', 2, 'LN-2024030', 'Nomvula'),
('2025-02-13', 2, 'LN-2024031', 'Anele'),
('2025-02-13', 2, 'LN-2024032', 'Thokozani'),
('2025-02-13', 2, 'LN-2024033', 'Ongeziwe'),
('2025-02-13', 2, 'LN-2024034', 'Lonwabo'),
('2025-02-13', 2, 'LN-2024035', 'Luthando'),
('2025-02-13', 2, 'LN-2024036', 'Bandile'),
('2025-02-13', 2, 'LN-2024037', 'Thando'),
('2025-02-13', 3, 'LN-2024038', 'Nompumelelo'),
('2025-02-13', 3, 'LN-2024039', 'Siphesihle'),
('2025-02-13', 3, 'LN-2024040', 'Sizakele'),
('2025-02-13', 3, 'LN-2024041', 'Lungelo'),
('2025-02-13', 3, 'LN-2024042', 'Ayize'),
('2025-02-13', 3, 'LN-2024043', 'Kabelo'),
('2025-02-13', 3, 'LN-2024044', 'Ayakha'),
('2025-02-13', 3, 'LN-2024046', 'Sibusiso'),
('2025-02-13', 3, 'LN-2024047', 'Nondumiso'),
('2025-02-13', 3, 'LN-2024048', 'Amahle'),
('2025-02-13', 3, 'LN-2024049', 'Themba'),
('2025-02-13', 3, 'LN-2024050', 'Ntombizodwa'),
('2025-02-13', 3, 'LN-2024051', 'Mpho'),
('2025-02-13', 3, 'LN-2024052', 'Vuyokazi'),
('2025-02-14', 1, 'LN-2024001', 'Thabo'),
('2025-02-14', 1, 'LN-2024002', 'Nomthandazo'),
('2025-02-14', 1, 'LN-2024003', 'Siyanda'),
('2025-02-14', 1, 'LN-2024004', 'Lerato'),
('2025-02-14', 1, 'LN-2024005', 'Bongani'),
('2025-02-14', 1, 'LN-2024006', 'Sipho'),
('2025-02-14', 1, 'LN-2024007', 'Kgothatso'),
('2025-02-14', 1, 'LN-2024008', 'Mandla'),
('2025-02-14', 1, 'LN-2024009', 'Nokuthula'),
('2025-02-14', 1, 'LN-2024010', 'Lwazi'),
('2025-02-14', 1, 'LN-2024011', 'Aisha'),
('2025-02-14', 1, 'LN-2024012', 'Thandeka'),
('2025-02-14', 1, 'LN-2024013', 'Jabulani'),
('2025-02-14', 1, 'LN-2024014', 'Onke'),
('2025-02-14', 1, 'LN-2024015', 'Itumeleng'),
('2025-02-14', 1, 'LN-2024016', 'Ayanda'),
('2025-02-14', 1, 'LN-2024017', 'Nosipho'),
('2025-02-14', 1, 'LN-2024018', 'Sizwe'),
('2025-02-14', 1, 'LN-2024019', 'Nontokozo'),
('2025-02-14', 1, 'LN-2024020', 'Nokwanda'),
('2025-02-14', 1, 'LN-2024021', 'Xolani'),
('2025-02-14', 1, 'LN-2024022', 'Ayabonga'),
('2025-02-14', 1, 'LN-2024023', 'Zanele'),
('2025-02-14', 1, 'LN-2024024', 'Sanele'),
('2025-02-14', 1, 'LN-2024025', 'Thabang'),
('2025-02-14', 1, 'LN-2024026', 'Asanda'),
('2025-02-14', 1, 'LN-2024027', 'Khanyisile'),
('2025-02-14', 1, 'LN-2024029', 'Khulani'),
('2025-02-14', 2, 'LN-2024030', 'Nomvula'),
('2025-02-14', 2, 'LN-2024031', 'Anele'),
('2025-02-14', 2, 'LN-2024032', 'Thokozani'),
('2025-02-14', 2, 'LN-2024033', 'Ongeziwe'),
('2025-02-14', 2, 'LN-2024034', 'Lonwabo'),
('2025-02-14', 2, 'LN-2024035', 'Luthando'),
('2025-02-14', 2, 'LN-2024036', 'Bandile'),
('2025-02-14', 2, 'LN-2024037', 'Thando'),
('2025-02-14', 3, 'LN-2024038', 'Nompumelelo'),
('2025-02-14', 3, 'LN-2024039', 'Siphesihle'),
('2025-02-14', 3, 'LN-2024040', 'Sizakele'),
('2025-02-14', 3, 'LN-2024041', 'Lungelo'),
('2025-02-14', 3, 'LN-2024042', 'Ayize'),
('2025-02-14', 3, 'LN-2024043', 'Kabelo'),
('2025-02-14', 3, 'LN-2024044', 'Ayakha'),
('2025-02-14', 3, 'LN-2024045', 'Siyabulela'),
('2025-02-14', 3, 'LN-2024046', 'Sibusiso'),
('2025-02-14', 3, 'LN-2024047', 'Nondumiso'),
('2025-02-14', 3, 'LN-2024048', 'Amahle'),
('2025-02-14', 3, 'LN-2024049', 'Themba'),
('2025-02-14', 3, 'LN-2024050', 'Ntombizodwa'),
('2025-02-14', 3, 'LN-2024051', 'Mpho'),
('2025-02-14', 3, 'LN-2024052', 'Vuyokazi'),
('2025-02-17', 1, 'LN-2024001', 'Thabo'),
('2025-02-17', 1, 'LN-2024002', 'Nomthandazo'),
('2025-02-17', 1, 'LN-2024003', 'Siyanda'),
('2025-02-17', 1, 'LN-2024004', 'Lerato'),
('2025-02-17', 1, 'LN-2024005', 'Bongani'),
('2025-02-17', 1, 'LN-2024006', 'Sipho'),
('2025-02-17', 1, 'LN-2024007', 'Kgothatso'),
('2025-02-17', 1, 'LN-2024008', 'Mandla'),
('2025-02-17', 1, 'LN-2024009', 'Nokuthula'),
('2025-02-17', 1, 'LN-2024010', 'Lwazi'),
('2025-02-17', 1, 'LN-2024012', 'Thandeka'),
('2025-02-17', 1, 'LN-2024013', 'Jabulani'),
('2025-02-17', 1, 'LN-2024014', 'Onke'),
('2025-02-17', 1, 'LN-2024015', 'Itumeleng'),
('2025-02-17', 1, 'LN-2024016', 'Ayanda'),
('2025-02-17', 1, 'LN-2024017', 'Nosipho'),
('2025-02-17', 1, 'LN-2024018', 'Sizwe'),
('2025-02-17', 1, 'LN-2024019', 'Nontokozo'),
('2025-02-17', 1, 'LN-2024020', 'Nokwanda'),
('2025-02-17', 1, 'LN-2024021', 'Xolani'),
('2025-02-17', 1, 'LN-2024022', 'Ayabonga'),
('2025-02-17', 1, 'LN-2024023', 'Zanele'),
('2025-02-17', 1, 'LN-2024024', 'Sanele'),
('2025-02-17', 1, 'LN-2024025', 'Thabang'),
('2025-02-17', 1, 'LN-2024026', 'Asanda'),
('2025-02-17', 1, 'LN-2024027', 'Khanyisile'),
('2025-02-17', 1, 'LN-2024028', 'Simphiwe'),
('2025-02-17', 1, 'LN-2024029', 'Khulani'),
('2025-02-17', 2, 'LN-2024030', 'Nomvula'),
('2025-02-17', 2, 'LN-2024031', 'Anele'),
('2025-02-17', 2, 'LN-2024032', 'Thokozani'),
('2025-02-06', 1, 'LN-2024001', 'Thabo'),
('2025-02-17', 2, 'LN-2024033', 'Ongeziwe'),
('2025-02-17', 2, 'LN-2024034', 'Lonwabo'),
('2025-02-06', 1, 'LN-2024002', 'Nomthandazo'),
('2025-02-17', 2, 'LN-2024035', 'Luthando'),
('2025-02-06', 1, 'LN-2024003', 'Siyanda'),
('2025-02-17', 2, 'LN-2024036', 'Bandile'),
('2025-02-06', 1, 'LN-2024005', 'Bongani'),
('2025-02-17', 2, 'LN-2024037', 'Thando'),
('2025-02-06', 1, 'LN-2024006', 'Sipho'),
('2025-02-17', 3, 'LN-2024039', 'Siphesihle'),
('2025-02-06', 1, 'LN-2024007', 'Kgothatso'),
('2025-02-17', 3, 'LN-2024040', 'Sizakele'),
('2025-02-06', 1, 'LN-2024008', 'Mandla'),
('2025-02-17', 3, 'LN-2024041', 'Lungelo'),
('2025-02-06', 1, 'LN-2024009', 'Nokuthula'),
('2025-02-17', 3, 'LN-2024042', 'Ayize'),
('2025-02-17', 3, 'LN-2024043', 'Kabelo'),
('2025-02-17', 3, 'LN-2024044', 'Ayakha'),
('2025-02-06', 1, 'LN-2024010', 'Lwazi'),
('2025-02-06', 1, 'LN-2024011', 'Aisha'),
('2025-02-17', 3, 'LN-2024045', 'Siyabulela'),
('2025-02-06', 1, 'LN-2024012', 'Thandeka'),
('2025-02-17', 3, 'LN-2024046', 'Sibusiso'),
('2025-02-06', 1, 'LN-2024013', 'Jabulani'),
('2025-02-17', 3, 'LN-2024047', 'Nondumiso'),
('2025-02-06', 1, 'LN-2024015', 'Itumeleng'),
('2025-02-17', 3, 'LN-2024048', 'Amahle'),
('2025-02-06', 1, 'LN-2024016', 'Ayanda'),
('2025-02-17', 3, 'LN-2024049', 'Themba'),
('2025-02-06', 1, 'LN-2024017', 'Nosipho'),
('2025-02-17', 3, 'LN-2024050', 'Ntombizodwa'),
('2025-02-06', 1, 'LN-2024018', 'Sizwe'),
('2025-02-17', 3, 'LN-2024051', 'Mpho'),
('2025-02-06', 1, 'LN-2024019', 'Nontokozo'),
('2025-02-17', 3, 'LN-2024052', 'Vuyokazi'),
('2025-02-06', 1, 'LN-2024020', 'Nokwanda'),
('2025-02-18', 1, 'LN-2024001', 'Thabo'),
('2025-02-06', 1, 'LN-2024021', 'Xolani'),
('2025-02-18', 1, 'LN-2024002', 'Nomthandazo'),
('2025-02-06', 1, 'LN-2024022', 'Ayabonga'),
('2025-02-18', 1, 'LN-2024003', 'Siyanda'),
('2025-02-06', 1, 'LN-2024023', 'Zanele'),
('2025-02-18', 1, 'LN-2024004', 'Lerato'),
('2025-02-06', 1, 'LN-2024024', 'Sanele'),
('2025-02-18', 1, 'LN-2024005', 'Bongani'),
('2025-02-06', 1, 'LN-2024026', 'Asanda'),
('2025-02-18', 1, 'LN-2024006', 'Sipho'),
('2025-02-06', 1, 'LN-2024027', 'Khanyisile'),
('2025-02-18', 1, 'LN-2024007', 'Kgothatso'),
('2025-02-06', 1, 'LN-2024028', 'Simphiwe'),
('2025-02-18', 1, 'LN-2024008', 'Mandla'),
('2025-02-06', 1, 'LN-2024029', 'Khulani'),
('2025-02-18', 1, 'LN-2024009', 'Nokuthula'),
('2025-02-06', 2, 'LN-2024030', 'Nomvula'),
('2025-02-18', 1, 'LN-2024010', 'Lwazi'),
('2025-02-06', 2, 'LN-2024031', 'Anele'),
('2025-02-18', 1, 'LN-2024011', 'Aisha'),
('2025-02-06', 2, 'LN-2024032', 'Thokozani'),
('2025-02-18', 1, 'LN-2024012', 'Thandeka'),
('2025-02-06', 2, 'LN-2024033', 'Ongeziwe'),
('2025-02-18', 1, 'LN-2024013', 'Jabulani'),
('2025-02-06', 2, 'LN-2024034', 'Lonwabo'),
('2025-02-18', 1, 'LN-2024014', 'Onke'),
('2025-02-06', 2, 'LN-2024035', 'Luthando'),
('2025-02-18', 1, 'LN-2024015', 'Itumeleng'),
('2025-02-06', 2, 'LN-2024036', 'Bandile'),
('2025-02-18', 1, 'LN-2024016', 'Ayanda'),
('2025-02-06', 2, 'LN-2024037', 'Thando'),
('2025-02-18', 1, 'LN-2024017', 'Nosipho'),
('2025-02-06', 3, 'LN-2024038', 'Nompumelelo'),
('2025-02-18', 1, 'LN-2024018', 'Sizwe'),
('2025-02-06', 3, 'LN-2024039', 'Siphesihle'),
('2025-02-18', 1, 'LN-2024019', 'Nontokozo'),
('2025-02-06', 3, 'LN-2024041', 'Lungelo'),
('2025-02-18', 1, 'LN-2024020', 'Nokwanda'),
('2025-02-06', 3, 'LN-2024042', 'Ayize'),
('2025-02-18', 1, 'LN-2024021', 'Xolani'),
('2025-02-06', 3, 'LN-2024043', 'Kabelo'),
('2025-02-18', 1, 'LN-2024022', 'Ayabonga'),
('2025-02-06', 3, 'LN-2024044', 'Ayakha'),
('2025-02-18', 1, 'LN-2024023', 'Zanele'),
('2025-02-06', 3, 'LN-2024045', 'Siyabulela'),
('2025-02-18', 1, 'LN-2024024', 'Sanele'),
('2025-02-06', 3, 'LN-2024046', 'Sibusiso'),
('2025-02-18', 1, 'LN-2024025', 'Thabang'),
('2025-02-06', 3, 'LN-2024047', 'Nondumiso'),
('2025-02-18', 1, 'LN-2024026', 'Asanda'),
('2025-02-06', 3, 'LN-2024048', 'Amahle'),
('2025-02-18', 1, 'LN-2024027', 'Khanyisile'),
('2025-02-06', 3, 'LN-2024049', 'Themba'),
('2025-02-18', 1, 'LN-2024028', 'Simphiwe'),
('2025-02-06', 3, 'LN-2024050', 'Ntombizodwa'),
('2025-02-18', 1, 'LN-2024029', 'Khulani'),
('2025-02-06', 3, 'LN-2024051', 'Mpho'),
('2025-02-18', 2, 'LN-2024030', 'Nomvula'),
('2025-02-06', 3, 'LN-2024052', 'Vuyokazi'),
('2025-02-18', 2, 'LN-2024031', 'Anele'),
('2025-02-07', 1, 'LN-2024001', 'Thabo'),
('2025-02-18', 2, 'LN-2024032', 'Thokozani'),
('2025-02-07', 1, 'LN-2024002', 'Nomthandazo'),
('2025-02-18', 2, 'LN-2024033', 'Ongeziwe'),
('2025-02-07', 1, 'LN-2024003', 'Siyanda'),
('2025-02-18', 2, 'LN-2024034', 'Lonwabo'),
('2025-02-07', 1, 'LN-2024004', 'Lerato'),
('2025-02-18', 2, 'LN-2024035', 'Luthando'),
('2025-02-07', 1, 'LN-2024005', 'Bongani'),
('2025-02-18', 2, 'LN-2024036', 'Bandile'),
('2025-02-07', 1, 'LN-2024006', 'Sipho'),
('2025-02-18', 2, 'LN-2024037', 'Thando'),
('2025-02-07', 1, 'LN-2024007', 'Kgothatso'),
('2025-02-18', 3, 'LN-2024038', 'Nompumelelo'),
('2025-02-07', 1, 'LN-2024008', 'Mandla'),
('2025-02-18', 3, 'LN-2024039', 'Siphesihle'),
('2025-02-07', 1, 'LN-2024009', 'Nokuthula'),
('2025-02-18', 3, 'LN-2024040', 'Sizakele'),
('2025-02-07', 1, 'LN-2024010', 'Lwazi'),
('2025-02-18', 3, 'LN-2024041', 'Lungelo'),
('2025-02-07', 1, 'LN-2024011', 'Aisha'),
('2025-02-18', 3, 'LN-2024042', 'Ayize'),
('2025-02-07', 1, 'LN-2024012', 'Thandeka'),
('2025-02-18', 3, 'LN-2024043', 'Kabelo'),
('2025-02-07', 1, 'LN-2024013', 'Jabulani'),
('2025-02-18', 3, 'LN-2024044', 'Ayakha'),
('2025-02-07', 1, 'LN-2024014', 'Onke'),
('2025-02-18', 3, 'LN-2024045', 'Siyabulela'),
('2025-02-07', 1, 'LN-2024015', 'Itumeleng'),
('2025-02-18', 3, 'LN-2024046', 'Sibusiso'),
('2025-02-07', 1, 'LN-2024016', 'Ayanda'),
('2025-02-18', 3, 'LN-2024047', 'Nondumiso'),
('2025-02-07', 1, 'LN-2024017', 'Nosipho'),
('2025-02-18', 3, 'LN-2024048', 'Amahle'),
('2025-02-07', 1, 'LN-2024018', 'Sizwe'),
('2025-02-18', 3, 'LN-2024049', 'Themba'),
('2025-02-07', 1, 'LN-2024019', 'Nontokozo'),
('2025-02-18', 3, 'LN-2024050', 'Ntombizodwa'),
('2025-02-07', 1, 'LN-2024020', 'Nokwanda'),
('2025-02-18', 3, 'LN-2024051', 'Mpho'),
('2025-02-07', 1, 'LN-2024021', 'Xolani'),
('2025-02-18', 3, 'LN-2024052', 'Vuyokazi'),
('2025-02-07', 1, 'LN-2024022', 'Ayabonga'),
('2025-02-19', 1, 'LN-2024001', 'Thabo'),
('2025-02-07', 1, 'LN-2024023', 'Zanele'),
('2025-02-19', 1, 'LN-2024002', 'Nomthandazo'),
('2025-02-07', 1, 'LN-2024024', 'Sanele'),
('2025-02-19', 1, 'LN-2024003', 'Siyanda'),
('2025-02-07', 1, 'LN-2024025', 'Thabang'),
('2025-02-19', 1, 'LN-2024004', 'Lerato'),
('2025-02-07', 1, 'LN-2024026', 'Asanda'),
('2025-02-19', 1, 'LN-2024005', 'Bongani'),
('2025-02-07', 1, 'LN-2024027', 'Khanyisile'),
('2025-02-19', 1, 'LN-2024006', 'Sipho'),
('2025-02-07', 1, 'LN-2024028', 'Simphiwe'),
('2025-02-19', 1, 'LN-2024007', 'Kgothatso'),
('2025-02-07', 2, 'LN-2024030', 'Nomvula'),
('2025-02-19', 1, 'LN-2024008', 'Mandla'),
('2025-02-07', 2, 'LN-2024031', 'Anele'),
('2025-02-19', 1, 'LN-2024009', 'Nokuthula'),
('2025-02-07', 2, 'LN-2024032', 'Thokozani'),
('2025-02-19', 1, 'LN-2024011', 'Aisha'),
('2025-02-07', 2, 'LN-2024033', 'Ongeziwe'),
('2025-02-19', 1, 'LN-2024012', 'Thandeka'),
('2025-02-07', 2, 'LN-2024034', 'Lonwabo'),
('2025-02-19', 1, 'LN-2024013', 'Jabulani'),
('2025-02-07', 2, 'LN-2024035', 'Luthando'),
('2025-02-19', 1, 'LN-2024014', 'Onke'),
('2025-02-07', 2, 'LN-2024036', 'Bandile'),
('2025-02-19', 1, 'LN-2024015', 'Itumeleng'),
('2025-02-07', 2, 'LN-2024037', 'Thando'),
('2025-02-19', 1, 'LN-2024016', 'Ayanda'),
('2025-02-07', 3, 'LN-2024038', 'Nompumelelo'),
('2025-02-19', 1, 'LN-2024017', 'Nosipho'),
('2025-02-07', 3, 'LN-2024039', 'Siphesihle'),
('2025-02-19', 1, 'LN-2024018', 'Sizwe'),
('2025-02-07', 3, 'LN-2024040', 'Sizakele'),
('2025-02-19', 1, 'LN-2024019', 'Nontokozo'),
('2025-02-07', 3, 'LN-2024041', 'Lungelo'),
('2025-02-19', 1, 'LN-2024020', 'Nokwanda'),
('2025-02-07', 3, 'LN-2024042', 'Ayize'),
('2025-02-19', 1, 'LN-2024021', 'Xolani'),
('2025-02-07', 3, 'LN-2024043', 'Kabelo'),
('2025-02-19', 1, 'LN-2024022', 'Ayabonga'),
('2025-02-07', 3, 'LN-2024044', 'Ayakha'),
('2025-02-19', 1, 'LN-2024023', 'Zanele'),
('2025-02-07', 3, 'LN-2024045', 'Siyabulela'),
('2025-02-19', 1, 'LN-2024024', 'Sanele'),
('2025-02-07', 3, 'LN-2024046', 'Sibusiso'),
('2025-02-19', 1, 'LN-2024025', 'Thabang'),
('2025-02-07', 3, 'LN-2024047', 'Nondumiso'),
('2025-02-19', 1, 'LN-2024026', 'Asanda'),
('2025-02-07', 3, 'LN-2024048', 'Amahle'),
('2025-02-19', 1, 'LN-2024027', 'Khanyisile'),
('2025-02-07', 3, 'LN-2024049', 'Themba'),
('2025-02-19', 1, 'LN-2024028', 'Simphiwe'),
('2025-02-07', 3, 'LN-2024050', 'Ntombizodwa'),
('2025-02-19', 1, 'LN-2024029', 'Khulani'),
('2025-02-07', 3, 'LN-2024051', 'Mpho'),
('2025-02-19', 2, 'LN-2024030', 'Nomvula'),
('2025-02-07', 3, 'LN-2024052', 'Vuyokazi'),
('2025-02-19', 2, 'LN-2024031', 'Anele'),
('2025-02-10', 1, 'LN-2024001', 'Thabo'),
('2025-02-19', 2, 'LN-2024032', 'Thokozani'),
('2025-02-10', 1, 'LN-2024002', 'Nomthandazo'),
('2025-02-19', 2, 'LN-2024033', 'Ongeziwe'),
('2025-02-10', 1, 'LN-2024003', 'Siyanda'),
('2025-02-19', 2, 'LN-2024034', 'Lonwabo'),
('2025-02-10', 1, 'LN-2024004', 'Lerato'),
('2025-02-19', 2, 'LN-2024035', 'Luthando'),
('2025-02-10', 1, 'LN-2024005', 'Bongani'),
('2025-02-19', 2, 'LN-2024036', 'Bandile'),
('2025-02-10', 1, 'LN-2024006', 'Sipho'),
('2025-02-19', 2, 'LN-2024037', 'Thando'),
('2025-02-10', 1, 'LN-2024007', 'Kgothatso'),
('2025-02-19', 3, 'LN-2024038', 'Nompumelelo'),
('2025-02-10', 1, 'LN-2024008', 'Mandla'),
('2025-02-19', 3, 'LN-2024039', 'Siphesihle'),
('2025-02-10', 1, 'LN-2024009', 'Nokuthula'),
('2025-02-19', 3, 'LN-2024040', 'Sizakele'),
('2025-02-10', 1, 'LN-2024010', 'Lwazi'),
('2025-02-19', 3, 'LN-2024041', 'Lungelo'),
('2025-02-10', 1, 'LN-2024011', 'Aisha'),
('2025-02-19', 3, 'LN-2024042', 'Ayize'),
('2025-02-10', 1, 'LN-2024012', 'Thandeka'),
('2025-02-19', 3, 'LN-2024043', 'Kabelo'),
('2025-02-10', 1, 'LN-2024014', 'Onke'),
('2025-02-19', 3, 'LN-2024044', 'Ayakha'),
('2025-02-10', 1, 'LN-2024015', 'Itumeleng'),
('2025-02-19', 3, 'LN-2024045', 'Siyabulela'),
('2025-02-10', 1, 'LN-2024016', 'Ayanda'),
('2025-02-19', 3, 'LN-2024047', 'Nondumiso'),
('2025-02-10', 1, 'LN-2024017', 'Nosipho'),
('2025-02-19', 3, 'LN-2024048', 'Amahle'),
('2025-02-10', 1, 'LN-2024018', 'Sizwe'),
('2025-02-19', 3, 'LN-2024049', 'Themba'),
('2025-02-10', 1, 'LN-2024019', 'Nontokozo'),
('2025-02-19', 3, 'LN-2024050', 'Ntombizodwa'),
('2025-02-10', 1, 'LN-2024020', 'Nokwanda'),
('2025-02-19', 3, 'LN-2024051', 'Mpho'),
('2025-02-10', 1, 'LN-2024021', 'Xolani'),
('2025-02-19', 3, 'LN-2024052', 'Vuyokazi'),
('2025-02-10', 1, 'LN-2024022', 'Ayabonga'),
('2025-02-20', 1, 'LN-2024001', 'Thabo'),
('2025-02-10', 1, 'LN-2024023', 'Zanele'),
('2025-02-20', 1, 'LN-2024002', 'Nomthandazo'),
('2025-02-10', 1, 'LN-2024024', 'Sanele'),
('2025-02-20', 1, 'LN-2024003', 'Siyanda'),
('2025-02-10', 1, 'LN-2024025', 'Thabang'),
('2025-02-20', 1, 'LN-2024004', 'Lerato'),
('2025-02-10', 1, 'LN-2024026', 'Asanda'),
('2025-02-20', 1, 'LN-2024005', 'Bongani'),
('2025-02-10', 1, 'LN-2024027', 'Khanyisile'),
('2025-02-20', 1, 'LN-2024006', 'Sipho'),
('2025-02-10', 1, 'LN-2024028', 'Simphiwe'),
('2025-02-20', 1, 'LN-2024007', 'Kgothatso'),
('2025-02-10', 1, 'LN-2024029', 'Khulani'),
('2025-02-10', 2, 'LN-2024030', 'Nomvula'),
('2025-02-20', 1, 'LN-2024008', 'Mandla'),
('2025-02-20', 1, 'LN-2024009', 'Nokuthula'),
('2025-02-10', 2, 'LN-2024031', 'Anele'),
('2025-02-20', 1, 'LN-2024010', 'Lwazi'),
('2025-02-20', 1, 'LN-2024011', 'Aisha'),
('2025-02-10', 2, 'LN-2024032', 'Thokozani'),
('2025-02-20', 1, 'LN-2024012', 'Thandeka'),
('2025-02-10', 2, 'LN-2024033', 'Ongeziwe'),
('2025-02-20', 1, 'LN-2024013', 'Jabulani'),
('2025-02-10', 2, 'LN-2024034', 'Lonwabo'),
('2025-02-20', 1, 'LN-2024014', 'Onke'),
('2025-02-10', 2, 'LN-2024035', 'Luthando'),
('2025-02-20', 1, 'LN-2024015', 'Itumeleng'),
('2025-02-10', 2, 'LN-2024036', 'Bandile'),
('2025-02-20', 1, 'LN-2024016', 'Ayanda'),
('2025-02-10', 2, 'LN-2024037', 'Thando'),
('2025-02-20', 1, 'LN-2024017', 'Nosipho'),
('2025-02-10', 3, 'LN-2024038', 'Nompumelelo'),
('2025-02-20', 1, 'LN-2024018', 'Sizwe'),
('2025-02-10', 3, 'LN-2024039', 'Siphesihle'),
('2025-02-20', 1, 'LN-2024019', 'Nontokozo'),
('2025-02-10', 3, 'LN-2024040', 'Sizakele'),
('2025-02-20', 1, 'LN-2024020', 'Nokwanda'),
('2025-02-10', 3, 'LN-2024042', 'Ayize'),
('2025-02-20', 1, 'LN-2024021', 'Xolani'),
('2025-02-10', 3, 'LN-2024043', 'Kabelo'),
('2025-02-20', 1, 'LN-2024022', 'Ayabonga'),
('2025-02-10', 3, 'LN-2024044', 'Ayakha'),
('2025-02-20', 1, 'LN-2024023', 'Zanele'),
('2025-02-10', 3, 'LN-2024045', 'Siyabulela'),
('2025-02-20', 1, 'LN-2024025', 'Thabang'),
('2025-02-10', 3, 'LN-2024046', 'Sibusiso'),
('2025-02-20', 1, 'LN-2024026', 'Asanda'),
('2025-02-20', 1, 'LN-2024027', 'Khanyisile'),
('2025-02-10', 3, 'LN-2024047', 'Nondumiso'),
('2025-02-20', 1, 'LN-2024028', 'Simphiwe'),
('2025-02-10', 3, 'LN-2024048', 'Amahle'),
('2025-02-20', 1, 'LN-2024029', 'Khulani'),
('2025-02-10', 3, 'LN-2024049', 'Themba'),
('2025-02-20', 2, 'LN-2024030', 'Nomvula'),
('2025-02-10', 3, 'LN-2024050', 'Ntombizodwa'),
('2025-02-10', 3, 'LN-2024051', 'Mpho'),
('2025-02-10', 3, 'LN-2024052', 'Vuyokazi'),
('2025-02-20', 2, 'LN-2024031', 'Anele'),
('2025-02-11', 1, 'LN-2024001', 'Thabo'),
('2025-02-20', 2, 'LN-2024032', 'Thokozani'),
('2025-02-11', 1, 'LN-2024002', 'Nomthandazo'),
('2025-02-20', 2, 'LN-2024033', 'Ongeziwe'),
('2025-02-11', 1, 'LN-2024003', 'Siyanda'),
('2025-02-20', 2, 'LN-2024034', 'Lonwabo'),
('2025-02-11', 1, 'LN-2024004', 'Lerato'),
('2025-02-20', 2, 'LN-2024035', 'Luthando'),
('2025-02-11', 1, 'LN-2024005', 'Bongani'),
('2025-02-20', 2, 'LN-2024036', 'Bandile'),
('2025-02-11', 1, 'LN-2024006', 'Sipho'),
('2025-02-20', 2, 'LN-2024037', 'Thando'),
('2025-02-11', 1, 'LN-2024007', 'Kgothatso'),
('2025-02-20', 3, 'LN-2024038', 'Nompumelelo'),
('2025-02-20', 3, 'LN-2024039', 'Siphesihle'),
('2025-02-11', 1, 'LN-2024008', 'Mandla'),
('2025-02-20', 3, 'LN-2024040', 'Sizakele'),
('2025-02-11', 1, 'LN-2024009', 'Nokuthula'),
('2025-02-20', 3, 'LN-2024041', 'Lungelo'),
('2025-02-11', 1, 'LN-2024010', 'Lwazi'),
('2025-02-20', 3, 'LN-2024042', 'Ayize'),
('2025-02-11', 1, 'LN-2024011', 'Aisha'),
('2025-02-20', 3, 'LN-2024043', 'Kabelo'),
('2025-02-11', 1, 'LN-2024012', 'Thandeka'),
('2025-02-20', 3, 'LN-2024044', 'Ayakha'),
('2025-02-20', 3, 'LN-2024045', 'Siyabulela'),
('2025-02-11', 1, 'LN-2024013', 'Jabulani'),
('2025-02-20', 3, 'LN-2024046', 'Sibusiso'),
('2025-02-20', 3, 'LN-2024047', 'Nondumiso'),
('2025-02-11', 1, 'LN-2024014', 'Onke'),
('2025-02-20', 3, 'LN-2024048', 'Amahle'),
('2025-02-11', 1, 'LN-2024015', 'Itumeleng'),
('2025-02-20', 3, 'LN-2024049', 'Themba'),
('2025-02-11', 1, 'LN-2024016', 'Ayanda'),
('2025-02-20', 3, 'LN-2024050', 'Ntombizodwa'),
('2025-02-11', 1, 'LN-2024017', 'Nosipho'),
('2025-02-20', 3, 'LN-2024051', 'Mpho'),
('2025-02-11', 1, 'LN-2024018', 'Sizwe'),
('2025-02-20', 3, 'LN-2024052', 'Vuyokazi'),
('2025-02-11', 1, 'LN-2024019', 'Nontokozo'),
('2025-02-21', 1, 'LN-2024001', 'Thabo'),
('2025-02-11', 1, 'LN-2024020', 'Nokwanda'),
('2025-02-21', 1, 'LN-2024002', 'Nomthandazo'),
('2025-02-11', 1, 'LN-2024021', 'Xolani'),
('2025-02-21', 1, 'LN-2024003', 'Siyanda'),
('2025-02-11', 1, 'LN-2024022', 'Ayabonga'),
('2025-02-21', 1, 'LN-2024004', 'Lerato'),
('2025-02-11', 1, 'LN-2024023', 'Zanele'),
('2025-02-21', 1, 'LN-2024005', 'Bongani'),
('2025-02-11', 1, 'LN-2024024', 'Sanele'),
('2025-02-21', 1, 'LN-2024006', 'Sipho'),
('2025-02-11', 1, 'LN-2024025', 'Thabang'),
('2025-02-21', 1, 'LN-2024007', 'Kgothatso'),
('2025-02-11', 1, 'LN-2024026', 'Asanda'),
('2025-02-21', 1, 'LN-2024008', 'Mandla'),
('2025-02-11', 1, 'LN-2024027', 'Khanyisile'),
('2025-02-21', 1, 'LN-2024009', 'Nokuthula'),
('2025-02-11', 1, 'LN-2024028', 'Simphiwe'),
('2025-02-21', 1, 'LN-2024010', 'Lwazi'),
('2025-02-11', 1, 'LN-2024029', 'Khulani'),
('2025-02-21', 1, 'LN-2024011', 'Aisha'),
('2025-02-11', 2, 'LN-2024030', 'Nomvula'),
('2025-02-21', 1, 'LN-2024012', 'Thandeka'),
('2025-02-11', 2, 'LN-2024032', 'Thokozani'),
('2025-02-21', 1, 'LN-2024013', 'Jabulani'),
('2025-02-11', 2, 'LN-2024033', 'Ongeziwe'),
('2025-02-21', 1, 'LN-2024014', 'Onke'),
('2025-02-11', 2, 'LN-2024034', 'Lonwabo'),
('2025-02-21', 1, 'LN-2024015', 'Itumeleng'),
('2025-02-11', 2, 'LN-2024035', 'Luthando'),
('2025-02-21', 1, 'LN-2024016', 'Ayanda'),
('2025-02-11', 2, 'LN-2024036', 'Bandile'),
('2025-02-21', 1, 'LN-2024017', 'Nosipho'),
('2025-02-11', 2, 'LN-2024037', 'Thando'),
('2025-02-21', 1, 'LN-2024018', 'Sizwe'),
('2025-02-11', 3, 'LN-2024038', 'Nompumelelo'),
('2025-02-21', 1, 'LN-2024019', 'Nontokozo'),
('2025-02-11', 3, 'LN-2024039', 'Siphesihle'),
('2025-02-21', 1, 'LN-2024020', 'Nokwanda'),
('2025-02-11', 3, 'LN-2024040', 'Sizakele'),
('2025-02-21', 1, 'LN-2024021', 'Xolani'),
('2025-02-11', 3, 'LN-2024041', 'Lungelo'),
('2025-02-21', 1, 'LN-2024023', 'Zanele'),
('2025-02-11', 3, 'LN-2024042', 'Ayize'),
('2025-02-21', 1, 'LN-2024024', 'Sanele'),
('2025-02-11', 3, 'LN-2024043', 'Kabelo'),
('2025-02-21', 1, 'LN-2024025', 'Thabang'),
('2025-02-11', 3, 'LN-2024044', 'Ayakha'),
('2025-02-21', 1, 'LN-2024026', 'Asanda'),
('2025-02-11', 3, 'LN-2024045', 'Siyabulela'),
('2025-02-21', 1, 'LN-2024027', 'Khanyisile'),
('2025-02-11', 3, 'LN-2024046', 'Sibusiso'),
('2025-02-21', 1, 'LN-2024028', 'Simphiwe'),
('2025-02-11', 3, 'LN-2024047', 'Nondumiso'),
('2025-02-21', 1, 'LN-2024029', 'Khulani'),
('2025-02-11', 3, 'LN-2024048', 'Amahle'),
('2025-02-21', 2, 'LN-2024030', 'Nomvula'),
('2025-02-11', 3, 'LN-2024049', 'Themba'),
('2025-02-21', 2, 'LN-2024031', 'Anele'),
('2025-02-11', 3, 'LN-2024050', 'Ntombizodwa'),
('2025-02-21', 2, 'LN-2024032', 'Thokozani'),
('2025-02-11', 3, 'LN-2024051', 'Mpho'),
('2025-02-21', 2, 'LN-2024033', 'Ongeziwe'),
('2025-02-11', 3, 'LN-2024052', 'Vuyokazi'),
('2025-02-21', 2, 'LN-2024034', 'Lonwabo'),
('2025-02-12', 1, 'LN-2024001', 'Thabo'),
('2025-02-21', 2, 'LN-2024035', 'Luthando'),
('2025-02-12', 1, 'LN-2024002', 'Nomthandazo'),
('2025-02-21', 2, 'LN-2024036', 'Bandile'),
('2025-02-12', 1, 'LN-2024003', 'Siyanda'),
('2025-02-21', 2, 'LN-2024037', 'Thando'),
('2025-02-12', 1, 'LN-2024004', 'Lerato'),
('2025-02-21', 3, 'LN-2024038', 'Nompumelelo'),
('2025-02-12', 1, 'LN-2024005', 'Bongani'),
('2025-02-21', 3, 'LN-2024039', 'Siphesihle'),
('2025-02-12', 1, 'LN-2024006', 'Sipho'),
('2025-02-21', 3, 'LN-2024040', 'Sizakele'),
('2025-02-12', 1, 'LN-2024007', 'Kgothatso'),
('2025-02-21', 3, 'LN-2024041', 'Lungelo'),
('2025-02-12', 1, 'LN-2024008', 'Mandla'),
('2025-02-21', 3, 'LN-2024042', 'Ayize'),
('2025-02-12', 1, 'LN-2024009', 'Nokuthula'),
('2025-02-21', 3, 'LN-2024043', 'Kabelo'),
('2025-02-12', 1, 'LN-2024010', 'Lwazi'),
('2025-02-21', 3, 'LN-2024044', 'Ayakha'),
('2025-02-12', 1, 'LN-2024011', 'Aisha'),
('2025-02-21', 3, 'LN-2024045', 'Siyabulela'),
('2025-02-12', 1, 'LN-2024012', 'Thandeka'),
('2025-02-21', 3, 'LN-2024046', 'Sibusiso'),
('2025-02-12', 1, 'LN-2024013', 'Jabulani'),
('2025-02-21', 3, 'LN-2024047', 'Nondumiso'),
('2025-02-12', 1, 'LN-2024014', 'Onke'),
('2025-02-21', 3, 'LN-2024048', 'Amahle'),
('2025-02-12', 1, 'LN-2024015', 'Itumeleng'),
('2025-02-21', 3, 'LN-2024049', 'Themba'),
('2025-02-12', 1, 'LN-2024016', 'Ayanda'),
('2025-02-21', 3, 'LN-2024050', 'Ntombizodwa'),
('2025-02-12', 1, 'LN-2024017', 'Nosipho'),
('2025-02-21', 3, 'LN-2024051', 'Mpho'),
('2025-02-12', 1, 'LN-2024018', 'Sizwe'),
('2025-02-21', 3, 'LN-2024052', 'Vuyokazi'),
('2025-02-12', 1, 'LN-2024020', 'Nokwanda'),
('2025-02-24', 1, 'LN-2024001', 'Thabo'),
('2025-02-12', 1, 'LN-2024021', 'Xolani'),
('2025-02-24', 1, 'LN-2024002', 'Nomthandazo'),
('2025-02-12', 1, 'LN-2024022', 'Ayabonga'),
('2025-02-24', 1, 'LN-2024003', 'Siyanda'),
('2025-02-12', 1, 'LN-2024023', 'Zanele'),
('2025-02-24', 1, 'LN-2024004', 'Lerato'),
('2025-02-12', 1, 'LN-2024024', 'Sanele'),
('2025-02-24', 1, 'LN-2024005', 'Bongani'),
('2025-02-12', 1, 'LN-2024025', 'Thabang'),
('2025-02-24', 1, 'LN-2024006', 'Sipho'),
('2025-02-12', 1, 'LN-2024026', 'Asanda'),
('2025-02-24', 1, 'LN-2024007', 'Kgothatso'),
('2025-02-12', 1, 'LN-2024027', 'Khanyisile'),
('2025-02-24', 1, 'LN-2024008', 'Mandla'),
('2025-02-12', 1, 'LN-2024028', 'Simphiwe'),
('2025-02-24', 1, 'LN-2024009', 'Nokuthula'),
('2025-02-12', 1, 'LN-2024029', 'Khulani'),
('2025-02-24', 1, 'LN-2024010', 'Lwazi'),
('2025-02-12', 2, 'LN-2024030', 'Nomvula'),
('2025-02-24', 1, 'LN-2024011', 'Aisha'),
('2025-02-12', 2, 'LN-2024031', 'Anele'),
('2025-02-24', 1, 'LN-2024012', 'Thandeka'),
('2025-02-12', 2, 'LN-2024032', 'Thokozani'),
('2025-02-24', 1, 'LN-2024014', 'Onke'),
('2025-02-12', 2, 'LN-2024033', 'Ongeziwe'),
('2025-02-24', 1, 'LN-2024015', 'Itumeleng'),
('2025-02-12', 2, 'LN-2024034', 'Lonwabo'),
('2025-02-24', 1, 'LN-2024016', 'Ayanda'),
('2025-02-12', 2, 'LN-2024035', 'Luthando'),
('2025-02-24', 1, 'LN-2024017', 'Nosipho'),
('2025-02-12', 2, 'LN-2024036', 'Bandile'),
('2025-02-24', 1, 'LN-2024018', 'Sizwe'),
('2025-02-12', 2, 'LN-2024037', 'Thando'),
('2025-02-24', 1, 'LN-2024019', 'Nontokozo'),
('2025-02-12', 3, 'LN-2024038', 'Nompumelelo'),
('2025-02-24', 1, 'LN-2024020', 'Nokwanda'),
('2025-02-12', 3, 'LN-2024039', 'Siphesihle'),
('2025-02-24', 1, 'LN-2024021', 'Xolani'),
('2025-02-12', 3, 'LN-2024040', 'Sizakele'),
('2025-02-24', 1, 'LN-2024022', 'Ayabonga'),
('2025-02-12', 3, 'LN-2024041', 'Lungelo'),
('2025-02-24', 1, 'LN-2024023', 'Zanele'),
('2025-02-12', 3, 'LN-2024042', 'Ayize'),
('2025-02-24', 1, 'LN-2024024', 'Sanele'),
('2025-02-12', 3, 'LN-2024043', 'Kabelo'),
('2025-02-24', 1, 'LN-2024025', 'Thabang'),
('2025-02-12', 3, 'LN-2024044', 'Ayakha'),
('2025-02-24', 1, 'LN-2024026', 'Asanda'),
('2025-02-12', 3, 'LN-2024045', 'Siyabulela'),
('2025-02-24', 1, 'LN-2024027', 'Khanyisile'),
('2025-02-12', 3, 'LN-2024046', 'Sibusiso'),
('2025-02-24', 1, 'LN-2024028', 'Simphiwe'),
('2025-02-12', 3, 'LN-2024047', 'Nondumiso'),
('2025-02-24', 1, 'LN-2024029', 'Khulani'),
('2025-02-12', 3, 'LN-2024048', 'Amahle'),
('2025-02-24', 2, 'LN-2024030', 'Nomvula'),
('2025-02-12', 3, 'LN-2024049', 'Themba'),
('2025-02-24', 2, 'LN-2024031', 'Anele'),
('2025-02-12', 3, 'LN-2024050', 'Ntombizodwa'),
('2025-02-24', 2, 'LN-2024032', 'Thokozani'),
('2025-02-12', 3, 'LN-2024051', 'Mpho'),
('2025-02-24', 2, 'LN-2024033', 'Ongeziwe'),
('2025-02-12', 3, 'LN-2024052', 'Vuyokazi'),
('2025-02-24', 2, 'LN-2024034', 'Lonwabo'),
('2025-02-13', 1, 'LN-2024001', 'Thabo'),
('2025-02-13', 1, 'LN-2024003', 'Siyanda'),
('2025-02-24', 2, 'LN-2024035', 'Luthando'),
('2025-02-13', 1, 'LN-2024004', 'Lerato'),
('2025-02-24', 2, 'LN-2024036', 'Bandile'),
('2025-02-13', 1, 'LN-2024005', 'Bongani'),
('2025-02-24', 2, 'LN-2024037', 'Thando'),
('2025-02-13', 1, 'LN-2024006', 'Sipho'),
('2025-02-24', 3, 'LN-2024038', 'Nompumelelo'),
('2025-02-13', 1, 'LN-2024007', 'Kgothatso'),
('2025-02-24', 3, 'LN-2024039', 'Siphesihle'),
('2025-02-13', 1, 'LN-2024008', 'Mandla'),
('2025-02-24', 3, 'LN-2024041', 'Lungelo'),
('2025-02-13', 1, 'LN-2024009', 'Nokuthula'),
('2025-02-24', 3, 'LN-2024042', 'Ayize'),
('2025-02-13', 1, 'LN-2024010', 'Lwazi'),
('2025-02-24', 3, 'LN-2024043', 'Kabelo'),
('2025-02-13', 1, 'LN-2024011', 'Aisha'),
('2025-02-24', 3, 'LN-2024044', 'Ayakha'),
('2025-02-13', 1, 'LN-2024012', 'Thandeka'),
('2025-02-24', 3, 'LN-2024045', 'Siyabulela'),
('2025-02-13', 1, 'LN-2024013', 'Jabulani'),
('2025-02-24', 3, 'LN-2024046', 'Sibusiso'),
('2025-02-13', 1, 'LN-2024014', 'Onke'),
('2025-02-24', 3, 'LN-2024047', 'Nondumiso'),
('2025-02-13', 1, 'LN-2024015', 'Itumeleng'),
('2025-02-24', 3, 'LN-2024048', 'Amahle'),
('2025-02-13', 1, 'LN-2024016', 'Ayanda'),
('2025-02-24', 3, 'LN-2024049', 'Themba'),
('2025-02-13', 1, 'LN-2024017', 'Nosipho'),
('2025-02-24', 3, 'LN-2024050', 'Ntombizodwa'),
('2025-02-13', 1, 'LN-2024018', 'Sizwe'),
('2025-02-24', 3, 'LN-2024051', 'Mpho'),
('2025-02-13', 1, 'LN-2024019', 'Nontokozo'),
('2025-02-24', 3, 'LN-2024052', 'Vuyokazi'),
('2025-02-13', 1, 'LN-2024020', 'Nokwanda'),
('2025-02-25', 1, 'LN-2024001', 'Thabo'),
('2025-02-13', 1, 'LN-2024021', 'Xolani'),
('2025-02-25', 1, 'LN-2024002', 'Nomthandazo'),
('2025-02-13', 1, 'LN-2024022', 'Ayabonga'),
('2025-02-25', 1, 'LN-2024003', 'Siyanda'),
('2025-02-13', 1, 'LN-2024023', 'Zanele'),
('2025-02-25', 1, 'LN-2024004', 'Lerato'),
('2025-02-13', 1, 'LN-2024024', 'Sanele'),
('2025-02-25', 1, 'LN-2024005', 'Bongani'),
('2025-02-13', 1, 'LN-2024025', 'Thabang'),
('2025-02-25', 1, 'LN-2024006', 'Sipho'),
('2025-02-13', 1, 'LN-2024026', 'Asanda'),
('2025-02-25', 1, 'LN-2024007', 'Kgothatso'),
('2025-02-13', 1, 'LN-2024027', 'Khanyisile'),
('2025-02-25', 1, 'LN-2024008', 'Mandla'),
('2025-02-13', 1, 'LN-2024028', 'Simphiwe'),
('2025-02-25', 1, 'LN-2024009', 'Nokuthula'),
('2025-02-13', 1, 'LN-2024029', 'Khulani'),
('2025-02-25', 1, 'LN-2024010', 'Lwazi'),
('2025-02-13', 2, 'LN-2024030', 'Nomvula'),
('2025-02-25', 1, 'LN-2024011', 'Aisha'),
('2025-02-13', 2, 'LN-2024031', 'Anele'),
('2025-02-25', 1, 'LN-2024012', 'Thandeka'),
('2025-02-13', 2, 'LN-2024032', 'Thokozani'),
('2025-02-25', 1, 'LN-2024013', 'Jabulani'),
('2025-02-13', 2, 'LN-2024033', 'Ongeziwe'),
('2025-02-25', 1, 'LN-2024014', 'Onke'),
('2025-02-13', 2, 'LN-2024034', 'Lonwabo'),
('2025-02-25', 1, 'LN-2024015', 'Itumeleng'),
('2025-02-13', 2, 'LN-2024035', 'Luthando'),
('2025-02-25', 1, 'LN-2024016', 'Ayanda'),
('2025-02-13', 2, 'LN-2024036', 'Bandile'),
('2025-02-25', 1, 'LN-2024017', 'Nosipho'),
('2025-02-13', 2, 'LN-2024037', 'Thando'),
('2025-02-25', 1, 'LN-2024019', 'Nontokozo'),
('2025-02-13', 3, 'LN-2024038', 'Nompumelelo'),
('2025-02-25', 1, 'LN-2024020', 'Nokwanda'),
('2025-02-13', 3, 'LN-2024039', 'Siphesihle'),
('2025-02-25', 1, 'LN-2024021', 'Xolani'),
('2025-02-13', 3, 'LN-2024040', 'Sizakele'),
('2025-02-25', 1, 'LN-2024022', 'Ayabonga'),
('2025-02-13', 3, 'LN-2024041', 'Lungelo'),
('2025-02-25', 1, 'LN-2024023', 'Zanele'),
('2025-02-13', 3, 'LN-2024042', 'Ayize'),
('2025-02-25', 1, 'LN-2024024', 'Sanele'),
('2025-02-13', 3, 'LN-2024043', 'Kabelo'),
('2025-02-25', 1, 'LN-2024025', 'Thabang'),
('2025-02-13', 3, 'LN-2024044', 'Ayakha'),
('2025-02-25', 1, 'LN-2024026', 'Asanda'),
('2025-02-13', 3, 'LN-2024046', 'Sibusiso'),
('2025-02-25', 1, 'LN-2024027', 'Khanyisile'),
('2025-02-13', 3, 'LN-2024047', 'Nondumiso'),
('2025-02-25', 1, 'LN-2024028', 'Simphiwe'),
('2025-02-13', 3, 'LN-2024048', 'Amahle'),
('2025-02-25', 1, 'LN-2024029', 'Khulani'),
('2025-02-13', 3, 'LN-2024049', 'Themba'),
('2025-02-25', 2, 'LN-2024030', 'Nomvula'),
('2025-02-13', 3, 'LN-2024050', 'Ntombizodwa'),
('2025-02-25', 2, 'LN-2024031', 'Anele'),
('2025-02-13', 3, 'LN-2024051', 'Mpho'),
('2025-02-25', 2, 'LN-2024032', 'Thokozani'),
('2025-02-13', 3, 'LN-2024052', 'Vuyokazi'),
('2025-02-25', 2, 'LN-2024033', 'Ongeziwe'),
('2025-02-14', 1, 'LN-2024001', 'Thabo'),
('2025-02-25', 2, 'LN-2024034', 'Lonwabo'),
('2025-02-14', 1, 'LN-2024002', 'Nomthandazo'),
('2025-02-25', 2, 'LN-2024035', 'Luthando'),
('2025-02-14', 1, 'LN-2024003', 'Siyanda'),
('2025-02-25', 2, 'LN-2024036', 'Bandile'),
('2025-02-14', 1, 'LN-2024004', 'Lerato'),
('2025-02-25', 2, 'LN-2024037', 'Thando'),
('2025-02-14', 1, 'LN-2024005', 'Bongani'),
('2025-02-25', 3, 'LN-2024039', 'Siphesihle'),
('2025-02-14', 1, 'LN-2024006', 'Sipho'),
('2025-02-25', 3, 'LN-2024040', 'Sizakele'),
('2025-02-14', 1, 'LN-2024007', 'Kgothatso'),
('2025-02-25', 3, 'LN-2024041', 'Lungelo'),
('2025-02-14', 1, 'LN-2024008', 'Mandla'),
('2025-02-25', 3, 'LN-2024042', 'Ayize'),
('2025-02-14', 1, 'LN-2024009', 'Nokuthula'),
('2025-02-25', 3, 'LN-2024043', 'Kabelo'),
('2025-02-14', 1, 'LN-2024010', 'Lwazi'),
('2025-02-25', 3, 'LN-2024044', 'Ayakha'),
('2025-02-14', 1, 'LN-2024011', 'Aisha'),
('2025-02-25', 3, 'LN-2024045', 'Siyabulela'),
('2025-02-14', 1, 'LN-2024012', 'Thandeka'),
('2025-02-25', 3, 'LN-2024046', 'Sibusiso'),
('2025-02-14', 1, 'LN-2024013', 'Jabulani'),
('2025-02-25', 3, 'LN-2024047', 'Nondumiso'),
('2025-02-14', 1, 'LN-2024014', 'Onke'),
('2025-02-25', 3, 'LN-2024048', 'Amahle'),
('2025-02-14', 1, 'LN-2024015', 'Itumeleng'),
('2025-02-25', 3, 'LN-2024049', 'Themba'),
('2025-02-14', 1, 'LN-2024016', 'Ayanda'),
('2025-02-25', 3, 'LN-2024050', 'Ntombizodwa'),
('2025-02-14', 1, 'LN-2024017', 'Nosipho'),
('2025-02-25', 3, 'LN-2024051', 'Mpho'),
('2025-02-14', 1, 'LN-2024018', 'Sizwe'),
('2025-02-25', 3, 'LN-2024052', 'Vuyokazi'),
('2025-02-14', 1, 'LN-2024019', 'Nontokozo'),
('2025-02-14', 1, 'LN-2024020', 'Nokwanda'),
('2025-02-26', 1, 'LN-2024001', 'Thabo'),
('2025-02-14', 1, 'LN-2024021', 'Xolani'),
('2025-02-26', 1, 'LN-2024002', 'Nomthandazo'),
('2025-02-14', 1, 'LN-2024022', 'Ayabonga'),
('2025-02-26', 1, 'LN-2024003', 'Siyanda'),
('2025-02-14', 1, 'LN-2024023', 'Zanele'),
('2025-02-26', 1, 'LN-2024005', 'Bongani'),
('2025-02-14', 1, 'LN-2024024', 'Sanele'),
('2025-02-26', 1, 'LN-2024006', 'Sipho'),
('2025-02-14', 1, 'LN-2024025', 'Thabang'),
('2025-02-26', 1, 'LN-2024007', 'Kgothatso'),
('2025-02-14', 1, 'LN-2024026', 'Asanda'),
('2025-02-26', 1, 'LN-2024008', 'Mandla'),
('2025-02-14', 1, 'LN-2024027', 'Khanyisile'),
('2025-02-26', 1, 'LN-2024009', 'Nokuthula'),
('2025-02-14', 1, 'LN-2024029', 'Khulani'),
('2025-02-26', 1, 'LN-2024010', 'Lwazi'),
('2025-02-14', 2, 'LN-2024030', 'Nomvula'),
('2025-02-26', 1, 'LN-2024011', 'Aisha'),
('2025-02-14', 2, 'LN-2024031', 'Anele'),
('2025-02-26', 1, 'LN-2024012', 'Thandeka'),
('2025-02-14', 2, 'LN-2024032', 'Thokozani'),
('2025-02-26', 1, 'LN-2024013', 'Jabulani'),
('2025-02-14', 2, 'LN-2024033', 'Ongeziwe'),
('2025-02-26', 1, 'LN-2024014', 'Onke'),
('2025-02-14', 2, 'LN-2024034', 'Lonwabo'),
('2025-02-26', 1, 'LN-2024015', 'Itumeleng'),
('2025-02-14', 2, 'LN-2024035', 'Luthando'),
('2025-02-26', 1, 'LN-2024016', 'Ayanda'),
('2025-02-14', 2, 'LN-2024036', 'Bandile'),
('2025-02-26', 1, 'LN-2024017', 'Nosipho'),
('2025-02-14', 2, 'LN-2024037', 'Thando'),
('2025-02-26', 1, 'LN-2024018', 'Sizwe'),
('2025-02-14', 3, 'LN-2024038', 'Nompumelelo'),
('2025-02-26', 1, 'LN-2024019', 'Nontokozo'),
('2025-02-14', 3, 'LN-2024039', 'Siphesihle'),
('2025-02-26', 1, 'LN-2024020', 'Nokwanda'),
('2025-02-14', 3, 'LN-2024040', 'Sizakele'),
('2025-02-26', 1, 'LN-2024021', 'Xolani'),
('2025-02-14', 3, 'LN-2024041', 'Lungelo'),
('2025-02-26', 1, 'LN-2024022', 'Ayabonga'),
('2025-02-14', 3, 'LN-2024042', 'Ayize'),
('2025-02-26', 1, 'LN-2024023', 'Zanele'),
('2025-02-14', 3, 'LN-2024043', 'Kabelo'),
('2025-02-26', 1, 'LN-2024024', 'Sanele'),
('2025-02-14', 3, 'LN-2024044', 'Ayakha'),
('2025-02-26', 1, 'LN-2024025', 'Thabang'),
('2025-02-14', 3, 'LN-2024045', 'Siyabulela'),
('2025-02-26', 1, 'LN-2024026', 'Asanda'),
('2025-02-14', 3, 'LN-2024046', 'Sibusiso'),
('2025-02-26', 1, 'LN-2024027', 'Khanyisile'),
('2025-02-14', 3, 'LN-2024047', 'Nondumiso'),
('2025-02-26', 1, 'LN-2024028', 'Simphiwe'),
('2025-02-14', 3, 'LN-2024048', 'Amahle'),
('2025-02-26', 1, 'LN-2024029', 'Khulani'),
('2025-02-14', 3, 'LN-2024049', 'Themba'),
('2025-02-26', 2, 'LN-2024030', 'Nomvula'),
('2025-02-14', 3, 'LN-2024050', 'Ntombizodwa'),
('2025-02-26', 2, 'LN-2024031', 'Anele'),
('2025-02-14', 3, 'LN-2024051', 'Mpho'),
('2025-02-26', 2, 'LN-2024032', 'Thokozani'),
('2025-02-14', 3, 'LN-2024052', 'Vuyokazi'),
('2025-02-26', 2, 'LN-2024033', 'Ongeziwe'),
('2025-02-17', 1, 'LN-2024001', 'Thabo'),
('2025-02-26', 2, 'LN-2024034', 'Lonwabo'),
('2025-02-17', 1, 'LN-2024002', 'Nomthandazo'),
('2025-02-26', 2, 'LN-2024035', 'Luthando'),
('2025-02-17', 1, 'LN-2024003', 'Siyanda'),
('2025-02-26', 2, 'LN-2024036', 'Bandile'),
('2025-02-17', 1, 'LN-2024004', 'Lerato'),
('2025-02-26', 2, 'LN-2024037', 'Thando'),
('2025-02-17', 1, 'LN-2024005', 'Bongani'),
('2025-02-26', 3, 'LN-2024038', 'Nompumelelo'),
('2025-02-17', 1, 'LN-2024006', 'Sipho'),
('2025-02-26', 3, 'LN-2024039', 'Siphesihle'),
('2025-02-17', 1, 'LN-2024007', 'Kgothatso'),
('2025-02-26', 3, 'LN-2024040', 'Sizakele'),
('2025-02-17', 1, 'LN-2024008', 'Mandla'),
('2025-02-26', 3, 'LN-2024041', 'Lungelo'),
('2025-02-17', 1, 'LN-2024009', 'Nokuthula'),
('2025-02-26', 3, 'LN-2024042', 'Ayize'),
('2025-02-17', 1, 'LN-2024010', 'Lwazi'),
('2025-02-26', 3, 'LN-2024043', 'Kabelo'),
('2025-02-17', 1, 'LN-2024012', 'Thandeka'),
('2025-02-26', 3, 'LN-2024044', 'Ayakha'),
('2025-02-17', 1, 'LN-2024013', 'Jabulani'),
('2025-02-26', 3, 'LN-2024045', 'Siyabulela'),
('2025-02-17', 1, 'LN-2024014', 'Onke'),
('2025-02-26', 3, 'LN-2024046', 'Sibusiso'),
('2025-02-17', 1, 'LN-2024015', 'Itumeleng'),
('2025-02-26', 3, 'LN-2024047', 'Nondumiso'),
('2025-02-17', 1, 'LN-2024016', 'Ayanda'),
('2025-02-26', 3, 'LN-2024048', 'Amahle'),
('2025-02-17', 1, 'LN-2024017', 'Nosipho'),
('2025-02-26', 3, 'LN-2024049', 'Themba'),
('2025-02-17', 1, 'LN-2024018', 'Sizwe'),
('2025-02-26', 3, 'LN-2024050', 'Ntombizodwa'),
('2025-02-17', 1, 'LN-2024019', 'Nontokozo'),
('2025-02-26', 3, 'LN-2024051', 'Mpho'),
('2025-02-17', 1, 'LN-2024020', 'Nokwanda'),
('2025-02-26', 3, 'LN-2024052', 'Vuyokazi'),
('2025-02-17', 1, 'LN-2024021', 'Xolani'),
('2025-02-27', 1, 'LN-2024002', 'Nomthandazo'),
('2025-02-17', 1, 'LN-2024022', 'Ayabonga'),
('2025-02-27', 1, 'LN-2024003', 'Siyanda'),
('2025-02-17', 1, 'LN-2024023', 'Zanele'),
('2025-02-27', 1, 'LN-2024004', 'Lerato'),
('2025-02-17', 1, 'LN-2024024', 'Sanele'),
('2025-02-27', 1, 'LN-2024005', 'Bongani'),
('2025-02-17', 1, 'LN-2024025', 'Thabang'),
('2025-02-27', 1, 'LN-2024006', 'Sipho'),
('2025-02-17', 1, 'LN-2024026', 'Asanda'),
('2025-02-27', 1, 'LN-2024007', 'Kgothatso'),
('2025-02-17', 1, 'LN-2024027', 'Khanyisile'),
('2025-02-27', 1, 'LN-2024008', 'Mandla'),
('2025-02-17', 1, 'LN-2024028', 'Simphiwe'),
('2025-02-27', 1, 'LN-2024009', 'Nokuthula'),
('2025-02-17', 1, 'LN-2024029', 'Khulani'),
('2025-02-27', 1, 'LN-2024010', 'Lwazi'),
('2025-02-27', 1, 'LN-2024011', 'Aisha'),
('2025-02-17', 2, 'LN-2024030', 'Nomvula'),
('2025-02-27', 1, 'LN-2024012', 'Thandeka'),
('2025-02-17', 2, 'LN-2024031', 'Anele'),
('2025-02-27', 1, 'LN-2024013', 'Jabulani'),
('2025-02-17', 2, 'LN-2024032', 'Thokozani'),
('2025-02-27', 1, 'LN-2024014', 'Onke'),
('2025-02-17', 2, 'LN-2024033', 'Ongeziwe'),
('2025-02-27', 1, 'LN-2024015', 'Itumeleng'),
('2025-02-17', 2, 'LN-2024034', 'Lonwabo'),
('2025-02-27', 1, 'LN-2024016', 'Ayanda'),
('2025-02-17', 2, 'LN-2024035', 'Luthando'),
('2025-02-27', 1, 'LN-2024017', 'Nosipho'),
('2025-02-17', 2, 'LN-2024036', 'Bandile'),
('2025-02-27', 1, 'LN-2024018', 'Sizwe'),
('2025-02-17', 2, 'LN-2024037', 'Thando'),
('2025-02-27', 1, 'LN-2024019', 'Nontokozo'),
('2025-02-17', 3, 'LN-2024039', 'Siphesihle'),
('2025-02-17', 3, 'LN-2024040', 'Sizakele'),
('2025-02-27', 1, 'LN-2024020', 'Nokwanda'),
('2025-02-17', 3, 'LN-2024041', 'Lungelo'),
('2025-02-27', 1, 'LN-2024021', 'Xolani'),
('2025-02-17', 3, 'LN-2024042', 'Ayize'),
('2025-02-27', 1, 'LN-2024022', 'Ayabonga'),
('2025-02-17', 3, 'LN-2024043', 'Kabelo'),
('2025-02-17', 3, 'LN-2024044', 'Ayakha'),
('2025-02-27', 1, 'LN-2024023', 'Zanele'),
('2025-02-17', 3, 'LN-2024045', 'Siyabulela'),
('2025-02-27', 1, 'LN-2024024', 'Sanele'),
('2025-02-17', 3, 'LN-2024046', 'Sibusiso'),
('2025-02-27', 1, 'LN-2024025', 'Thabang'),
('2025-02-17', 3, 'LN-2024047', 'Nondumiso'),
('2025-02-27', 1, 'LN-2024026', 'Asanda'),
('2025-02-17', 3, 'LN-2024048', 'Amahle'),
('2025-02-27', 1, 'LN-2024027', 'Khanyisile'),
('2025-02-17', 3, 'LN-2024049', 'Themba'),
('2025-02-27', 1, 'LN-2024028', 'Simphiwe');
INSERT INTO `morning_pickup` (`Date`, `route`, `Learner_Num`, `name`) VALUES
('2025-02-17', 3, 'LN-2024050', 'Ntombizodwa'),
('2025-02-27', 1, 'LN-2024029', 'Khulani'),
('2025-02-17', 3, 'LN-2024051', 'Mpho'),
('2025-02-27', 2, 'LN-2024030', 'Nomvula'),
('2025-02-17', 3, 'LN-2024052', 'Vuyokazi'),
('2025-02-27', 2, 'LN-2024031', 'Anele'),
('2025-02-18', 1, 'LN-2024001', 'Thabo'),
('2025-02-27', 2, 'LN-2024032', 'Thokozani'),
('2025-02-18', 1, 'LN-2024002', 'Nomthandazo'),
('2025-02-27', 2, 'LN-2024033', 'Ongeziwe'),
('2025-02-18', 1, 'LN-2024003', 'Siyanda'),
('2025-02-27', 2, 'LN-2024034', 'Lonwabo'),
('2025-02-18', 1, 'LN-2024004', 'Lerato'),
('2025-02-27', 2, 'LN-2024035', 'Luthando'),
('2025-02-18', 1, 'LN-2024005', 'Bongani'),
('2025-02-27', 2, 'LN-2024036', 'Bandile'),
('2025-02-18', 1, 'LN-2024006', 'Sipho'),
('2025-02-27', 2, 'LN-2024037', 'Thando'),
('2025-02-18', 1, 'LN-2024007', 'Kgothatso'),
('2025-02-27', 3, 'LN-2024038', 'Nompumelelo'),
('2025-02-18', 1, 'LN-2024008', 'Mandla'),
('2025-02-27', 3, 'LN-2024039', 'Siphesihle'),
('2025-02-18', 1, 'LN-2024009', 'Nokuthula'),
('2025-02-27', 3, 'LN-2024040', 'Sizakele'),
('2025-02-18', 1, 'LN-2024010', 'Lwazi'),
('2025-02-27', 3, 'LN-2024042', 'Ayize'),
('2025-02-18', 1, 'LN-2024011', 'Aisha'),
('2025-02-27', 3, 'LN-2024043', 'Kabelo'),
('2025-02-18', 1, 'LN-2024012', 'Thandeka'),
('2025-02-27', 3, 'LN-2024044', 'Ayakha'),
('2025-02-18', 1, 'LN-2024013', 'Jabulani'),
('2025-02-27', 3, 'LN-2024045', 'Siyabulela'),
('2025-02-18', 1, 'LN-2024014', 'Onke'),
('2025-02-27', 3, 'LN-2024046', 'Sibusiso'),
('2025-02-18', 1, 'LN-2024015', 'Itumeleng'),
('2025-02-27', 3, 'LN-2024047', 'Nondumiso'),
('2025-02-18', 1, 'LN-2024016', 'Ayanda'),
('2025-02-27', 3, 'LN-2024048', 'Amahle'),
('2025-02-18', 1, 'LN-2024017', 'Nosipho'),
('2025-02-27', 3, 'LN-2024049', 'Themba'),
('2025-02-18', 1, 'LN-2024018', 'Sizwe'),
('2025-02-27', 3, 'LN-2024050', 'Ntombizodwa'),
('2025-02-18', 1, 'LN-2024019', 'Nontokozo'),
('2025-02-27', 3, 'LN-2024051', 'Mpho'),
('2025-02-18', 1, 'LN-2024020', 'Nokwanda'),
('2025-02-27', 3, 'LN-2024052', 'Vuyokazi'),
('2025-02-18', 1, 'LN-2024021', 'Xolani'),
('2025-02-18', 1, 'LN-2024022', 'Ayabonga'),
('2025-02-18', 1, 'LN-2024023', 'Zanele'),
('2025-02-18', 1, 'LN-2024024', 'Sanele'),
('2025-02-18', 1, 'LN-2024025', 'Thabang'),
('2025-02-18', 1, 'LN-2024026', 'Asanda'),
('2025-02-18', 1, 'LN-2024027', 'Khanyisile'),
('2025-02-18', 1, 'LN-2024028', 'Simphiwe'),
('2025-02-18', 1, 'LN-2024029', 'Khulani'),
('2025-02-18', 2, 'LN-2024030', 'Nomvula'),
('2025-02-18', 2, 'LN-2024031', 'Anele'),
('2025-02-18', 2, 'LN-2024032', 'Thokozani'),
('2025-02-18', 2, 'LN-2024033', 'Ongeziwe'),
('2025-02-18', 2, 'LN-2024034', 'Lonwabo'),
('2025-02-18', 2, 'LN-2024035', 'Luthando'),
('2025-02-18', 2, 'LN-2024036', 'Bandile'),
('2025-02-18', 2, 'LN-2024037', 'Thando'),
('2025-02-18', 3, 'LN-2024038', 'Nompumelelo'),
('2025-02-18', 3, 'LN-2024039', 'Siphesihle'),
('2025-02-18', 3, 'LN-2024040', 'Sizakele'),
('2025-02-18', 3, 'LN-2024041', 'Lungelo'),
('2025-02-18', 3, 'LN-2024042', 'Ayize'),
('2025-02-18', 3, 'LN-2024043', 'Kabelo'),
('2025-02-18', 3, 'LN-2024044', 'Ayakha'),
('2025-02-18', 3, 'LN-2024045', 'Siyabulela'),
('2025-02-18', 3, 'LN-2024046', 'Sibusiso'),
('2025-02-18', 3, 'LN-2024047', 'Nondumiso'),
('2025-02-18', 3, 'LN-2024048', 'Amahle'),
('2025-02-18', 3, 'LN-2024049', 'Themba'),
('2025-02-18', 3, 'LN-2024050', 'Ntombizodwa'),
('2025-02-18', 3, 'LN-2024051', 'Mpho'),
('2025-02-18', 3, 'LN-2024052', 'Vuyokazi'),
('2025-02-19', 1, 'LN-2024001', 'Thabo'),
('2025-02-19', 1, 'LN-2024002', 'Nomthandazo'),
('2025-02-19', 1, 'LN-2024003', 'Siyanda'),
('2025-02-19', 1, 'LN-2024004', 'Lerato'),
('2025-02-19', 1, 'LN-2024005', 'Bongani'),
('2025-02-19', 1, 'LN-2024006', 'Sipho'),
('2025-02-19', 1, 'LN-2024007', 'Kgothatso'),
('2025-02-19', 1, 'LN-2024008', 'Mandla'),
('2025-02-19', 1, 'LN-2024009', 'Nokuthula'),
('2025-02-19', 1, 'LN-2024011', 'Aisha'),
('2025-02-19', 1, 'LN-2024012', 'Thandeka'),
('2025-02-19', 1, 'LN-2024013', 'Jabulani'),
('2025-02-19', 1, 'LN-2024014', 'Onke'),
('2025-02-19', 1, 'LN-2024015', 'Itumeleng'),
('2025-02-19', 1, 'LN-2024016', 'Ayanda'),
('2025-02-19', 1, 'LN-2024017', 'Nosipho'),
('2025-02-19', 1, 'LN-2024018', 'Sizwe'),
('2025-02-19', 1, 'LN-2024019', 'Nontokozo'),
('2025-02-19', 1, 'LN-2024020', 'Nokwanda'),
('2025-02-19', 1, 'LN-2024021', 'Xolani'),
('2025-02-19', 1, 'LN-2024022', 'Ayabonga'),
('2025-02-19', 1, 'LN-2024023', 'Zanele'),
('2025-02-19', 1, 'LN-2024024', 'Sanele'),
('2025-02-19', 1, 'LN-2024025', 'Thabang'),
('2025-02-19', 1, 'LN-2024026', 'Asanda'),
('2025-02-19', 1, 'LN-2024027', 'Khanyisile'),
('2025-02-19', 1, 'LN-2024028', 'Simphiwe'),
('2025-02-19', 1, 'LN-2024029', 'Khulani'),
('2025-02-19', 2, 'LN-2024030', 'Nomvula'),
('2025-02-19', 2, 'LN-2024031', 'Anele'),
('2025-02-19', 2, 'LN-2024032', 'Thokozani'),
('2025-02-19', 2, 'LN-2024033', 'Ongeziwe'),
('2025-02-19', 2, 'LN-2024034', 'Lonwabo'),
('2025-02-19', 2, 'LN-2024035', 'Luthando'),
('2025-02-19', 2, 'LN-2024036', 'Bandile'),
('2025-02-19', 2, 'LN-2024037', 'Thando'),
('2025-02-19', 3, 'LN-2024038', 'Nompumelelo'),
('2025-02-19', 3, 'LN-2024039', 'Siphesihle'),
('2025-02-19', 3, 'LN-2024040', 'Sizakele'),
('2025-02-19', 3, 'LN-2024041', 'Lungelo'),
('2025-02-19', 3, 'LN-2024042', 'Ayize'),
('2025-02-19', 3, 'LN-2024043', 'Kabelo'),
('2025-02-19', 3, 'LN-2024044', 'Ayakha'),
('2025-02-19', 3, 'LN-2024045', 'Siyabulela'),
('2025-02-19', 3, 'LN-2024047', 'Nondumiso'),
('2025-02-19', 3, 'LN-2024048', 'Amahle'),
('2025-02-19', 3, 'LN-2024049', 'Themba'),
('2025-02-19', 3, 'LN-2024050', 'Ntombizodwa'),
('2025-02-19', 3, 'LN-2024051', 'Mpho'),
('2025-02-19', 3, 'LN-2024052', 'Vuyokazi'),
('2025-02-20', 1, 'LN-2024001', 'Thabo'),
('2025-02-20', 1, 'LN-2024002', 'Nomthandazo'),
('2025-02-20', 1, 'LN-2024003', 'Siyanda'),
('2025-02-20', 1, 'LN-2024004', 'Lerato'),
('2025-02-20', 1, 'LN-2024005', 'Bongani'),
('2025-02-20', 1, 'LN-2024006', 'Sipho'),
('2025-02-20', 1, 'LN-2024007', 'Kgothatso'),
('2025-02-20', 1, 'LN-2024008', 'Mandla'),
('2025-02-20', 1, 'LN-2024009', 'Nokuthula'),
('2025-02-20', 1, 'LN-2024010', 'Lwazi'),
('2025-02-20', 1, 'LN-2024011', 'Aisha'),
('2025-02-20', 1, 'LN-2024012', 'Thandeka'),
('2025-02-20', 1, 'LN-2024013', 'Jabulani'),
('2025-02-20', 1, 'LN-2024014', 'Onke'),
('2025-02-20', 1, 'LN-2024015', 'Itumeleng'),
('2025-02-20', 1, 'LN-2024016', 'Ayanda'),
('2025-02-20', 1, 'LN-2024017', 'Nosipho'),
('2025-02-20', 1, 'LN-2024018', 'Sizwe'),
('2025-02-20', 1, 'LN-2024019', 'Nontokozo'),
('2025-02-20', 1, 'LN-2024020', 'Nokwanda'),
('2025-02-20', 1, 'LN-2024021', 'Xolani'),
('2025-02-20', 1, 'LN-2024022', 'Ayabonga'),
('2025-02-20', 1, 'LN-2024023', 'Zanele'),
('2025-02-20', 1, 'LN-2024025', 'Thabang'),
('2025-02-20', 1, 'LN-2024026', 'Asanda'),
('2025-02-20', 1, 'LN-2024027', 'Khanyisile'),
('2025-02-20', 1, 'LN-2024028', 'Simphiwe'),
('2025-02-20', 1, 'LN-2024029', 'Khulani'),
('2025-02-20', 2, 'LN-2024030', 'Nomvula'),
('2025-02-20', 2, 'LN-2024031', 'Anele'),
('2025-02-20', 2, 'LN-2024032', 'Thokozani'),
('2025-02-20', 2, 'LN-2024033', 'Ongeziwe'),
('2025-02-20', 2, 'LN-2024034', 'Lonwabo'),
('2025-02-20', 2, 'LN-2024035', 'Luthando'),
('2025-02-20', 2, 'LN-2024036', 'Bandile'),
('2025-02-20', 2, 'LN-2024037', 'Thando'),
('2025-02-20', 3, 'LN-2024038', 'Nompumelelo'),
('2025-02-20', 3, 'LN-2024039', 'Siphesihle'),
('2025-02-20', 3, 'LN-2024040', 'Sizakele'),
('2025-02-20', 3, 'LN-2024041', 'Lungelo'),
('2025-02-20', 3, 'LN-2024042', 'Ayize'),
('2025-02-20', 3, 'LN-2024043', 'Kabelo'),
('2025-02-20', 3, 'LN-2024044', 'Ayakha'),
('2025-02-20', 3, 'LN-2024045', 'Siyabulela'),
('2025-02-20', 3, 'LN-2024046', 'Sibusiso'),
('2025-02-20', 3, 'LN-2024047', 'Nondumiso'),
('2025-02-20', 3, 'LN-2024048', 'Amahle'),
('2025-02-20', 3, 'LN-2024049', 'Themba'),
('2025-02-20', 3, 'LN-2024050', 'Ntombizodwa'),
('2025-02-20', 3, 'LN-2024051', 'Mpho'),
('2025-02-20', 3, 'LN-2024052', 'Vuyokazi'),
('2025-02-21', 1, 'LN-2024001', 'Thabo'),
('2025-02-21', 1, 'LN-2024002', 'Nomthandazo'),
('2025-02-21', 1, 'LN-2024003', 'Siyanda'),
('2025-02-21', 1, 'LN-2024004', 'Lerato'),
('2025-02-21', 1, 'LN-2024005', 'Bongani'),
('2025-02-21', 1, 'LN-2024006', 'Sipho'),
('2025-02-21', 1, 'LN-2024007', 'Kgothatso'),
('2025-02-21', 1, 'LN-2024008', 'Mandla'),
('2025-02-21', 1, 'LN-2024009', 'Nokuthula'),
('2025-02-21', 1, 'LN-2024010', 'Lwazi'),
('2025-02-21', 1, 'LN-2024011', 'Aisha'),
('2025-02-21', 1, 'LN-2024012', 'Thandeka'),
('2025-02-21', 1, 'LN-2024013', 'Jabulani'),
('2025-02-21', 1, 'LN-2024014', 'Onke'),
('2025-02-21', 1, 'LN-2024015', 'Itumeleng'),
('2025-02-21', 1, 'LN-2024016', 'Ayanda'),
('2025-02-21', 1, 'LN-2024017', 'Nosipho'),
('2025-02-21', 1, 'LN-2024018', 'Sizwe'),
('2025-02-21', 1, 'LN-2024019', 'Nontokozo'),
('2025-02-21', 1, 'LN-2024020', 'Nokwanda'),
('2025-02-21', 1, 'LN-2024021', 'Xolani'),
('2025-02-21', 1, 'LN-2024023', 'Zanele'),
('2025-02-21', 1, 'LN-2024024', 'Sanele'),
('2025-02-21', 1, 'LN-2024025', 'Thabang'),
('2025-02-21', 1, 'LN-2024026', 'Asanda'),
('2025-02-21', 1, 'LN-2024027', 'Khanyisile'),
('2025-02-21', 1, 'LN-2024028', 'Simphiwe'),
('2025-02-21', 1, 'LN-2024029', 'Khulani'),
('2025-02-21', 2, 'LN-2024030', 'Nomvula'),
('2025-02-21', 2, 'LN-2024031', 'Anele'),
('2025-02-21', 2, 'LN-2024032', 'Thokozani'),
('2025-02-21', 2, 'LN-2024033', 'Ongeziwe'),
('2025-02-21', 2, 'LN-2024034', 'Lonwabo'),
('2025-02-21', 2, 'LN-2024035', 'Luthando'),
('2025-02-21', 2, 'LN-2024036', 'Bandile'),
('2025-02-21', 2, 'LN-2024037', 'Thando'),
('2025-02-21', 3, 'LN-2024038', 'Nompumelelo'),
('2025-02-21', 3, 'LN-2024039', 'Siphesihle'),
('2025-02-21', 3, 'LN-2024040', 'Sizakele'),
('2025-02-21', 3, 'LN-2024041', 'Lungelo'),
('2025-02-21', 3, 'LN-2024042', 'Ayize'),
('2025-02-21', 3, 'LN-2024043', 'Kabelo'),
('2025-02-21', 3, 'LN-2024044', 'Ayakha'),
('2025-02-21', 3, 'LN-2024045', 'Siyabulela'),
('2025-02-21', 3, 'LN-2024046', 'Sibusiso'),
('2025-02-21', 3, 'LN-2024047', 'Nondumiso'),
('2025-02-21', 3, 'LN-2024048', 'Amahle'),
('2025-02-21', 3, 'LN-2024049', 'Themba'),
('2025-02-21', 3, 'LN-2024050', 'Ntombizodwa'),
('2025-02-21', 3, 'LN-2024051', 'Mpho'),
('2025-02-21', 3, 'LN-2024052', 'Vuyokazi'),
('2025-02-24', 1, 'LN-2024001', 'Thabo'),
('2025-02-24', 1, 'LN-2024002', 'Nomthandazo'),
('2025-02-24', 1, 'LN-2024003', 'Siyanda'),
('2025-02-24', 1, 'LN-2024004', 'Lerato'),
('2025-02-24', 1, 'LN-2024005', 'Bongani'),
('2025-02-24', 1, 'LN-2024006', 'Sipho'),
('2025-02-24', 1, 'LN-2024007', 'Kgothatso'),
('2025-02-24', 1, 'LN-2024008', 'Mandla'),
('2025-02-24', 1, 'LN-2024009', 'Nokuthula'),
('2025-02-24', 1, 'LN-2024010', 'Lwazi'),
('2025-02-24', 1, 'LN-2024011', 'Aisha'),
('2025-02-24', 1, 'LN-2024012', 'Thandeka'),
('2025-02-24', 1, 'LN-2024014', 'Onke'),
('2025-02-24', 1, 'LN-2024015', 'Itumeleng'),
('2025-02-24', 1, 'LN-2024016', 'Ayanda'),
('2025-02-24', 1, 'LN-2024017', 'Nosipho'),
('2025-02-24', 1, 'LN-2024018', 'Sizwe'),
('2025-02-24', 1, 'LN-2024019', 'Nontokozo'),
('2025-02-24', 1, 'LN-2024020', 'Nokwanda'),
('2025-02-24', 1, 'LN-2024021', 'Xolani'),
('2025-02-24', 1, 'LN-2024022', 'Ayabonga'),
('2025-02-24', 1, 'LN-2024023', 'Zanele'),
('2025-02-24', 1, 'LN-2024024', 'Sanele'),
('2025-02-24', 1, 'LN-2024025', 'Thabang'),
('2025-02-24', 1, 'LN-2024026', 'Asanda'),
('2025-02-24', 1, 'LN-2024027', 'Khanyisile'),
('2025-02-24', 1, 'LN-2024028', 'Simphiwe'),
('2025-02-24', 1, 'LN-2024029', 'Khulani'),
('2025-02-24', 2, 'LN-2024030', 'Nomvula'),
('2025-02-24', 2, 'LN-2024031', 'Anele'),
('2025-02-24', 2, 'LN-2024032', 'Thokozani'),
('2025-02-24', 2, 'LN-2024033', 'Ongeziwe'),
('2025-02-24', 2, 'LN-2024034', 'Lonwabo'),
('2025-02-24', 2, 'LN-2024035', 'Luthando'),
('2025-02-24', 2, 'LN-2024036', 'Bandile'),
('2025-02-24', 2, 'LN-2024037', 'Thando'),
('2025-02-24', 3, 'LN-2024038', 'Nompumelelo'),
('2025-02-24', 3, 'LN-2024039', 'Siphesihle'),
('2025-02-24', 3, 'LN-2024041', 'Lungelo'),
('2025-02-24', 3, 'LN-2024042', 'Ayize'),
('2025-02-24', 3, 'LN-2024043', 'Kabelo'),
('2025-02-24', 3, 'LN-2024044', 'Ayakha'),
('2025-02-24', 3, 'LN-2024045', 'Siyabulela'),
('2025-02-24', 3, 'LN-2024046', 'Sibusiso'),
('2025-02-24', 3, 'LN-2024047', 'Nondumiso'),
('2025-02-24', 3, 'LN-2024048', 'Amahle'),
('2025-02-24', 3, 'LN-2024049', 'Themba'),
('2025-02-24', 3, 'LN-2024050', 'Ntombizodwa'),
('2025-02-24', 3, 'LN-2024051', 'Mpho'),
('2025-02-24', 3, 'LN-2024052', 'Vuyokazi'),
('2025-02-25', 1, 'LN-2024001', 'Thabo'),
('2025-02-25', 1, 'LN-2024002', 'Nomthandazo'),
('2025-02-25', 1, 'LN-2024003', 'Siyanda'),
('2025-02-25', 1, 'LN-2024004', 'Lerato'),
('2025-02-25', 1, 'LN-2024005', 'Bongani'),
('2025-02-25', 1, 'LN-2024006', 'Sipho'),
('2025-02-25', 1, 'LN-2024007', 'Kgothatso'),
('2025-02-25', 1, 'LN-2024008', 'Mandla'),
('2025-02-25', 1, 'LN-2024009', 'Nokuthula'),
('2025-02-25', 1, 'LN-2024010', 'Lwazi'),
('2025-02-25', 1, 'LN-2024011', 'Aisha'),
('2025-02-25', 1, 'LN-2024012', 'Thandeka'),
('2025-02-25', 1, 'LN-2024013', 'Jabulani'),
('2025-02-25', 1, 'LN-2024014', 'Onke'),
('2025-02-25', 1, 'LN-2024015', 'Itumeleng'),
('2025-02-25', 1, 'LN-2024016', 'Ayanda'),
('2025-02-25', 1, 'LN-2024017', 'Nosipho'),
('2025-02-25', 1, 'LN-2024019', 'Nontokozo'),
('2025-02-25', 1, 'LN-2024020', 'Nokwanda'),
('2025-02-25', 1, 'LN-2024021', 'Xolani'),
('2025-02-25', 1, 'LN-2024022', 'Ayabonga'),
('2025-02-25', 1, 'LN-2024023', 'Zanele'),
('2025-02-25', 1, 'LN-2024024', 'Sanele'),
('2025-02-25', 1, 'LN-2024025', 'Thabang'),
('2025-02-25', 1, 'LN-2024026', 'Asanda'),
('2025-02-25', 1, 'LN-2024027', 'Khanyisile'),
('2025-02-25', 1, 'LN-2024028', 'Simphiwe'),
('2025-02-25', 1, 'LN-2024029', 'Khulani'),
('2025-02-25', 2, 'LN-2024030', 'Nomvula'),
('2025-02-25', 2, 'LN-2024031', 'Anele'),
('2025-02-25', 2, 'LN-2024032', 'Thokozani'),
('2025-02-25', 2, 'LN-2024033', 'Ongeziwe'),
('2025-02-25', 2, 'LN-2024034', 'Lonwabo'),
('2025-02-25', 2, 'LN-2024035', 'Luthando'),
('2025-02-25', 2, 'LN-2024036', 'Bandile'),
('2025-02-25', 2, 'LN-2024037', 'Thando'),
('2025-02-25', 3, 'LN-2024039', 'Siphesihle'),
('2025-02-25', 3, 'LN-2024040', 'Sizakele'),
('2025-02-25', 3, 'LN-2024041', 'Lungelo'),
('2025-02-25', 3, 'LN-2024042', 'Ayize'),
('2025-02-25', 3, 'LN-2024043', 'Kabelo'),
('2025-02-25', 3, 'LN-2024044', 'Ayakha'),
('2025-02-25', 3, 'LN-2024045', 'Siyabulela'),
('2025-02-25', 3, 'LN-2024046', 'Sibusiso'),
('2025-02-25', 3, 'LN-2024047', 'Nondumiso'),
('2025-02-25', 3, 'LN-2024048', 'Amahle'),
('2025-02-25', 3, 'LN-2024049', 'Themba'),
('2025-02-25', 3, 'LN-2024050', 'Ntombizodwa'),
('2025-02-25', 3, 'LN-2024051', 'Mpho'),
('2025-02-25', 3, 'LN-2024052', 'Vuyokazi'),
('2025-02-26', 1, 'LN-2024001', 'Thabo'),
('2025-02-26', 1, 'LN-2024002', 'Nomthandazo'),
('2025-02-26', 1, 'LN-2024003', 'Siyanda'),
('2025-02-26', 1, 'LN-2024005', 'Bongani'),
('2025-02-26', 1, 'LN-2024006', 'Sipho'),
('2025-02-26', 1, 'LN-2024007', 'Kgothatso'),
('2025-02-26', 1, 'LN-2024008', 'Mandla'),
('2025-02-26', 1, 'LN-2024009', 'Nokuthula'),
('2025-02-26', 1, 'LN-2024010', 'Lwazi'),
('2025-02-26', 1, 'LN-2024011', 'Aisha'),
('2025-02-26', 1, 'LN-2024012', 'Thandeka'),
('2025-02-26', 1, 'LN-2024013', 'Jabulani'),
('2025-02-26', 1, 'LN-2024014', 'Onke'),
('2025-02-26', 1, 'LN-2024015', 'Itumeleng'),
('2025-02-26', 1, 'LN-2024016', 'Ayanda'),
('2025-02-26', 1, 'LN-2024017', 'Nosipho'),
('2025-02-26', 1, 'LN-2024018', 'Sizwe'),
('2025-02-26', 1, 'LN-2024019', 'Nontokozo'),
('2025-02-26', 1, 'LN-2024020', 'Nokwanda'),
('2025-02-26', 1, 'LN-2024021', 'Xolani'),
('2025-02-26', 1, 'LN-2024022', 'Ayabonga'),
('2025-02-26', 1, 'LN-2024023', 'Zanele'),
('2025-02-26', 1, 'LN-2024024', 'Sanele'),
('2025-02-26', 1, 'LN-2024025', 'Thabang'),
('2025-02-26', 1, 'LN-2024026', 'Asanda'),
('2025-02-26', 1, 'LN-2024027', 'Khanyisile'),
('2025-02-26', 1, 'LN-2024028', 'Simphiwe'),
('2025-02-26', 1, 'LN-2024029', 'Khulani'),
('2025-02-26', 2, 'LN-2024030', 'Nomvula'),
('2025-02-26', 2, 'LN-2024031', 'Anele'),
('2025-02-26', 2, 'LN-2024032', 'Thokozani'),
('2025-02-26', 2, 'LN-2024033', 'Ongeziwe'),
('2025-02-26', 2, 'LN-2024034', 'Lonwabo'),
('2025-02-26', 2, 'LN-2024035', 'Luthando'),
('2025-02-26', 2, 'LN-2024036', 'Bandile'),
('2025-02-26', 2, 'LN-2024037', 'Thando'),
('2025-02-26', 3, 'LN-2024038', 'Nompumelelo'),
('2025-02-26', 3, 'LN-2024039', 'Siphesihle'),
('2025-02-26', 3, 'LN-2024040', 'Sizakele'),
('2025-02-26', 3, 'LN-2024041', 'Lungelo'),
('2025-02-26', 3, 'LN-2024042', 'Ayize'),
('2025-02-26', 3, 'LN-2024043', 'Kabelo'),
('2025-02-26', 3, 'LN-2024044', 'Ayakha'),
('2025-02-26', 3, 'LN-2024045', 'Siyabulela'),
('2025-02-26', 3, 'LN-2024046', 'Sibusiso'),
('2025-02-26', 3, 'LN-2024047', 'Nondumiso'),
('2025-02-26', 3, 'LN-2024048', 'Amahle'),
('2025-02-26', 3, 'LN-2024049', 'Themba'),
('2025-02-26', 3, 'LN-2024050', 'Ntombizodwa'),
('2025-02-26', 3, 'LN-2024051', 'Mpho'),
('2025-02-26', 3, 'LN-2024052', 'Vuyokazi'),
('2025-02-27', 1, 'LN-2024002', 'Nomthandazo'),
('2025-02-27', 1, 'LN-2024003', 'Siyanda'),
('2025-02-27', 1, 'LN-2024004', 'Lerato'),
('2025-02-27', 1, 'LN-2024005', 'Bongani'),
('2025-02-27', 1, 'LN-2024006', 'Sipho'),
('2025-02-27', 1, 'LN-2024007', 'Kgothatso'),
('2025-02-27', 1, 'LN-2024008', 'Mandla'),
('2025-02-27', 1, 'LN-2024009', 'Nokuthula'),
('2025-02-27', 1, 'LN-2024010', 'Lwazi'),
('2025-02-27', 1, 'LN-2024011', 'Aisha'),
('2025-02-27', 1, 'LN-2024012', 'Thandeka'),
('2025-02-27', 1, 'LN-2024013', 'Jabulani'),
('2025-02-27', 1, 'LN-2024014', 'Onke'),
('2025-02-27', 1, 'LN-2024015', 'Itumeleng'),
('2025-02-27', 1, 'LN-2024016', 'Ayanda'),
('2025-02-27', 1, 'LN-2024017', 'Nosipho'),
('2025-02-27', 1, 'LN-2024018', 'Sizwe'),
('2025-02-27', 1, 'LN-2024019', 'Nontokozo'),
('2025-02-27', 1, 'LN-2024020', 'Nokwanda'),
('2025-02-27', 1, 'LN-2024021', 'Xolani'),
('2025-02-27', 1, 'LN-2024022', 'Ayabonga'),
('2025-02-27', 1, 'LN-2024023', 'Zanele'),
('2025-02-27', 1, 'LN-2024024', 'Sanele'),
('2025-02-27', 1, 'LN-2024025', 'Thabang'),
('2025-02-27', 1, 'LN-2024026', 'Asanda'),
('2025-02-27', 1, 'LN-2024027', 'Khanyisile'),
('2025-02-27', 1, 'LN-2024028', 'Simphiwe'),
('2025-02-27', 1, 'LN-2024029', 'Khulani'),
('2025-02-27', 2, 'LN-2024030', 'Nomvula'),
('2025-02-27', 2, 'LN-2024031', 'Anele'),
('2025-02-27', 2, 'LN-2024032', 'Thokozani'),
('2025-02-27', 2, 'LN-2024033', 'Ongeziwe'),
('2025-02-27', 2, 'LN-2024034', 'Lonwabo'),
('2025-02-27', 2, 'LN-2024035', 'Luthando'),
('2025-02-27', 2, 'LN-2024036', 'Bandile'),
('2025-02-27', 2, 'LN-2024037', 'Thando'),
('2025-02-27', 3, 'LN-2024038', 'Nompumelelo'),
('2025-02-27', 3, 'LN-2024039', 'Siphesihle'),
('2025-02-27', 3, 'LN-2024040', 'Sizakele'),
('2025-02-27', 3, 'LN-2024042', 'Ayize'),
('2025-02-27', 3, 'LN-2024043', 'Kabelo'),
('2025-02-27', 3, 'LN-2024044', 'Ayakha'),
('2025-02-27', 3, 'LN-2024045', 'Siyabulela'),
('2025-02-27', 3, 'LN-2024046', 'Sibusiso'),
('2025-02-27', 3, 'LN-2024047', 'Nondumiso'),
('2025-02-27', 3, 'LN-2024048', 'Amahle'),
('2025-02-27', 3, 'LN-2024049', 'Themba'),
('2025-02-27', 3, 'LN-2024050', 'Ntombizodwa'),
('2025-02-27', 3, 'LN-2024051', 'Mpho'),
('2025-02-27', 3, 'LN-2024052', 'Vuyokazi');

-- --------------------------------------------------------

--
-- Table structure for table `parent`
--

CREATE TABLE `parent` (
  `PARENT_NUM` varchar(100) NOT NULL,
  `NAME` text NOT NULL,
  `SURNAME` text NOT NULL,
  `PASSWORD` varchar(100) NOT NULL,
  `CELLPHONE_NUMBER` text NOT NULL,
  `EMAIL` varchar(100) NOT NULL
) ENGINE=InnoDB DEFAULT CHARSET=utf8mb4 COLLATE=utf8mb4_general_ci;

--
-- Dumping data for table `parent`
--

INSERT INTO `parent` (`PARENT_NUM`, `NAME`, `SURNAME`, `PASSWORD`, `CELLPHONE_NUMBER`, `EMAIL`) VALUES
('PA-100000', 'Zenile', 'Jongi', 'abc123', '0115553333', 'ljaythehigh@gmail.com'),
('PA-100001', 'Lwavela', 'Jongi', 'qwe123', '0115554444', 'lwavela@gmail.com'),
('PA-100003', 'Jonny', 'Hlala', 'wer123', '081527052', 'lwando.jay@gmail.com'),
('PA-100004', 'Jon', 'Boobolo', 'ert123', '081527056', 'lwando.jay@gmail.com'),
('PA-100005', 'Jazz', 'Mahlangu', 'rty123', '0115556666', 'lwando.jay@gmail.com'),
('PA-100006', 'Ivile', 'Hermans', 'rty123', '0115557777', 'lwando.jay@gmail.com'),
('PA-100007', 'Mxhosana', 'Ndlovu', 'tyu123', '0115558888', 'lwando.jay@gmail.com'),
('PA-100008', 'Nomqophiso', 'Mentile', 'asd123', '0115559999', 'lwando.jay@gmail.com'),
('PA-100009', 'Busani', 'Mentile', 'asd123', '0115561111', 'ljaythehigh@gmail.com'),
('PA-109736', 'Phumzile', 'Adams', 'PhumzileAdams123@', '076 543 2104', 'PhumzileAdams@gmail.com'),
('PA-110001', 'Okuhle', 'Mentile', 'iop123', '0115561111', 'ljaythehigh@gmail.com'),
('PA-125430', 'Nomthandazo', 'Dlamini', 'NomthandazoDlamini123@', '071 789 0123', 'NomthandazoDlamini@gmail.com'),
('PA-125789', 'Lindiwe', 'Motloung', 'LindiweMotloung123@', '077 432 1098', 'LindiweMotloung@gmail.com'),
('PA-196345', 'Phakamani', 'Pienaar', 'PhakamaniPienaar123@', '073 456 7891', 'PhakamaniPienaar@gmail.com'),
('PA-204587', 'Andile', 'Van Niekerk', 'AndileVan Niekerk123@', '079 876 5432', 'AndileVanNiekerk@gmail.com'),
('PA-204796', 'Bongani', 'Botha', 'BonganiBotha123@', '077 210 9876', 'BonganiBotha@gmail.com'),
('PA-213874', 'Sindiswa', 'Van As', 'SindiswaVan As123@', '070 123 4562', 'SindiswaVanAs@gmail.com'),
('PA-231097', 'Lerato', 'Van Wyk', 'LeratoVan Wyk123@', '082 210 9876', 'LeratoVanWyk@gmail.com'),
('PA-247803', 'Nomvula', 'Martins', 'NomvulaMartins123@', '082 456 7891', 'NomvulaMartins@gmail.com'),
('PA-319768', 'Anele', 'Isaacs', 'AneleIsaacs123@', '083 210 9871', 'AneleIsaacs@gmail.com'),
('PA-320987', 'Mthokozisi', 'De Klerk', 'MthokozisiDe Klerk123@', '070 654 3210', 'MthokozisiDeKlerk@gmail.com'),
('PA-342189', 'Thandiwe', 'Molefe', 'ThandiweMolefe123@', '080 432 1098', 'ThandiweMolefe@gmail.com'),
('PA-365918', 'Siyanda', 'Booysen', 'SiyandaBooysen123@', '074 876 5435', 'SiyandaBooysen@gmail.com'),
('PA-372509', 'Sizwe', 'Mokoena', 'SizweMokoena123@', '079 432 1098', 'SizweMokoena@gmail.com'),
('PA-405672', 'Nontokozo', 'Ngwenya', 'NontokozoNgwenya123@', '085 789 0123', 'NontokozoNgwenya@gmail.com'),
('PA-410953', 'Thabiso', 'Van den Berg', 'ThabisoVan den Berg123@', '078 789 0123', 'ThabisoVanBden@gmail.com'),
('PA-416032', 'Sibongile', 'Nkosi', 'SibongileNkosi123@', '079 210 9876', 'SibongileNkosi@gmail.com'),
('PA-432789', 'Thando', 'September', 'ThandoSeptember123@', '072 345 6781', 'ThandoSeptember@gmail.com'),
('PA-497610', 'Themba', 'Jacobs', 'ThembaJacobs123@', '083 987 6541', 'ThembaJacobs@gmail.com'),
('PA-506273', 'Thulisa', 'Davids', 'ThulisaDavids123@', '076 789 01248', 'ThulisaDavids@gmail.com'),
('PA-509721', 'Siyabonga', 'Naidoo', 'SiyabongaNaidoo123@', '084 210 9876', 'SiyabongaNaidoo@gmail.com'),
('PA-548271', 'Ayanda', 'Fortuin', 'AyandaFortuin123@', '081 234 5671', 'AyandaFortuin@gmail.com'),
('PA-560392', 'Nokuthula', 'Van der Merwe', 'NokuthulaVan der Merwe123@', '084 876 5432', 'NokuthulaVanMder@gmail.com'),
('PA-569421', 'Sipho', 'Van Zyl', 'SiphoVan Zyl123@', '073 432 1098', 'SiphoVanZyl@gmail.com'),
('PA-589143', 'Busisiwe', 'Ngubane', 'BusisiweNgubane123@', '085 210 9876', 'BusisiweNgubane@gmail.com'),
('PA-605814', 'Jabulani', 'Mabuza', 'JabulaniMabuza123@', '078 789 0123', 'JabulaniMabuza@gmail.com'),
('PA-608497', 'Nompumelelo', 'Mthembu', 'NompumeleloMthembu123@', '081 432 1098', 'NompumeleloMthembu@gmail.com'),
('PA-631874', 'Luthando', 'Louw', 'LuthandoLouw123@', '071 890 1231', 'LuthandoLouw@gmail.com'),
('PA-647809', 'Simphiwe', 'Cloete', 'SimphiweCloete123@', '075 432 1091', 'SimphiweCloete@gmail.com'),
('PA-654320', 'Zinhle', 'Ndaba', 'ZinhleNdaba123@', '083 876 5432', 'ZinhleNdaba@gmail.com'),
('PA-683254', 'Muzi', 'Da Silva', 'MuziDa Silva123@', '071 234 5672', 'MuziDaSilva@gmail.com'),
('PA-691324', 'Khanya', 'Jansen', 'KhanyaJansen123@', '083 432 1098', 'KhanyaJansen@gmail.com'),
('PA-701283', 'Sanele', 'Koopman', 'SaneleKoopman123@', '078 987 6547', 'SaneleKoopman@gmail.com'),
('PA-735890', 'Refilwe', 'Du Plessis', 'RefilweDu Plessis123@', '082 654 3210', 'RefilweDuPlessis@gmail.com'),
('PA-740512', 'Thulani', 'Buthelezi', 'ThulaniButhelezi123@', '081 789 0123', 'ThulaniButhelezi@gmail.com'),
('PA-758921', 'Lwandle', 'De Lange', 'LwandleDe Lange123@', '082 109 8768', 'LwandleDeLange@gmail.com'),
('PA-760981', 'Kagiso', 'Mahlangu', 'KagisoMahlangu123@', '075 789 0123', 'KagisoMahlangu@gmail.com'),
('PA-794603', 'Wandile', 'Mkhize', 'WandileMkhize123@', '077 432 1098', 'WandileMkhize@gmail.com'),
('PA-823469', 'Noluthando', 'Solomons', 'NoluthandoSolomons123@', '079 321 8762', 'NoluthandoSolomons@gmail.com'),
('PA-854301', 'Mpumelelo', 'Van Rooyen', 'MpumeleloVan Rooyen123@', '076 789 0123', 'MpumeleloVanRooyen@gmail.com'),
('PA-870132', 'Nokwanda', 'Hendricks', 'NokwandaHendricks123@', '080 987 6547', 'NokwandaHendricks@gmail.com'),
('PA-876532', 'Lungelo', 'Ndlovu', 'LungeloNdlovu123@', '074 789 0123', 'LungeloNdlovu@gmail.com'),
('PA-879043', 'Mandla', 'Kgomo', 'MandlaKgomo123@', '079 654 3210', 'MandlaKgomo@gmail.com'),
('PA-890176', 'Zanele', 'Ferreira', 'ZaneleFerreira123@', '081 876 5432', 'ZaneleFerreira@gmail.com'),
('PA-931465', 'Nozipho', 'Zulu', 'NoziphoZulu123@', '073 789 0123', 'NoziphoZulu@gmail.com'),
('PA-937280', 'Sibusiso', 'Hlongwane', 'SibusisoHlongwane123@', '080 432 1098', 'SibusisoHlongwane@gmail.com'),
('PA-942081', 'Ayize', 'Van Rensburg', 'AyizeVan Rensburg123@', '079 543 2102', 'AyizeVanRensburg@gmail.com'),
('PA-978245', 'Ayanda', 'Khumalo', 'AyandaKhumalo123@', '083 432 1098', 'AyandaKhumalo@gmail.com'),
('PA-985317', 'Bulelwa', 'Titus', 'BulelwaTitus123@', '084 567 8906', 'BulelwaTitus@gmail.com');

-- --------------------------------------------------------

--
-- Table structure for table `route`
--

CREATE TABLE `route` (
  `BUS_NUM` varchar(50) CHARACTER SET utf8mb4 COLLATE utf8mb4_general_ci DEFAULT NULL,
  `ROUTE` int(1) DEFAULT NULL,
  `M/A_PICK_UP_NUM` varchar(2) CHARACTER SET utf8mb4 COLLATE utf8mb4_general_ci NOT NULL,
  `STREET` varchar(54) CHARACTER SET utf8mb4 COLLATE utf8mb4_general_ci DEFAULT NULL,
  `PICK_UP_TIMES` varchar(8) CHARACTER SET utf8mb4 COLLATE utf8mb4_general_ci DEFAULT NULL,
  `DROP_OFF_TIMES` varchar(8) CHARACTER SET utf8mb4 COLLATE utf8mb4_general_ci DEFAULT NULL
) ENGINE=InnoDB DEFAULT CHARSET=utf8 COLLATE=utf8_general_ci;

--
-- Dumping data for table `route`
--

INSERT INTO `route` (`BUS_NUM`, `ROUTE`, `M/A_PICK_UP_NUM`, `STREET`, `PICK_UP_TIMES`, `DROP_OFF_TIMES`) VALUES
('BUS_1', 1, '1A', 'Corner of Panorama and Marabou Road', '06:22:00', '14:30:00'),
('BUS_1', 1, '1B', 'Corner of Kolgansstraat and Skimmerstraat', '06:30:00', '14:39:00'),
('BUS_2', 2, '2A', 'Corner of Reddersburg Street and Mafeking Drive', '06:25:00', '14:25:00'),
('BUS_2', 2, '2B', 'Corner of Theuns van Niekerkstraat and Roosmarynstraat', '06:35:00', '14:30:00'),
('BUS_3', 3, '3A', 'Corner of Jasper Drive and Tieroog Street', '06:20:00', '14:30:00'),
('BUS_3', 3, '3B', 'Corner of Louise Street and Von Willich Drive', '06:40:00', '14:40:00');

-- --------------------------------------------------------

--
-- Table structure for table `waiting_list`
--

CREATE TABLE `waiting_list` (
  `WAIT_ID` int(5) NOT NULL,
  `BUS_NUM` varchar(50) CHARACTER SET utf8mb4 COLLATE utf8mb4_general_ci DEFAULT NULL,
  `LEARNER_NUM` varchar(10) CHARACTER SET utf8mb4 COLLATE utf8mb4_general_ci DEFAULT NULL,
  `NAME` varchar(13) CHARACTER SET utf8mb4 COLLATE utf8mb4_general_ci DEFAULT NULL,
  `SURNAME` varchar(12) CHARACTER SET utf8mb4 COLLATE utf8mb4_general_ci DEFAULT NULL,
  `DATE_ADDED` varchar(10) CHARACTER SET utf8mb4 COLLATE utf8mb4_general_ci DEFAULT NULL
) ENGINE=InnoDB DEFAULT CHARSET=utf8 COLLATE=utf8_general_ci;

--
-- Dumping data for table `waiting_list`
--

INSERT INTO `waiting_list` (`WAIT_ID`, `BUS_NUM`, `LEARNER_NUM`, `NAME`, `SURNAME`, `DATE_ADDED`) VALUES
(1, 'BUS_3', 'LN-2024053', 'Sipho', 'Booysen', '02-02-2025'),
(2, 'BUS_2', 'LN-2024062', 'Sabelo', 'Cloete', '30-03-2025'),
(4, 'BUS_2', 'LN-2024064', 'Onwabile', 'Hendricks', '12-04-2025'),
(5, 'BUS_3', 'LN-2024065', 'Sinenhlanhla', 'Isaacs', '18-04-2025'),
(8, 'BUS_1', 'LN-2024068', 'Siphokazi', 'Van Rensburg', '23-05-2025'),
(9, 'BUS_3', 'LN-2024069', 'Nozuko', 'De Lange', '25-05-2025'),
(10, 'BUS_3', 'LN-2024070', 'Andiswa', 'Louw', '26-05-2025'),
(11, 'BUS_2', 'LN-2024054', 'Zizipho', 'Booysen', '05-02-2025'),
(12, 'BUS_1', 'LN-2024055', 'Anathi', 'Fortuin', '08-02-2025'),
(13, 'BUS_1', 'LN-2024056', 'Yoliswa', 'Pienaar', '08-02-2025'),
(14, 'BUS_2', 'LN-2024057', 'Thabiso', 'Pienaar', '08-02-2025'),
(15, 'BUS_3', 'LN-2024058', 'Muzi', 'Koopman', '10-02-2025'),
(16, 'BUS_3', 'LN-2024059', 'Busisiwe', 'September', '03-03-2025'),
(17, 'BUS_1', 'LN-2024060', 'Lwandle', 'Titus', '11-03-2025'),
(18, 'BUS_3', 'LN-2024061', 'Nomathamsanqa', 'Van As', '26-03-2025'),
(29, 'BUS_3', 'LN-982172', 'Mai', 'Jongilanga', '2024-11-16'),
(30, 'BUS_2', 'LN-982199', 'Kim', 'Jongi', '2024-11-16'),
(32, 'BUS_2', 'LN-982766', 'Kim', 'Jongi', '2024-11-16'),
(33, 'BUS_2', 'LN-982788', 'Kim', 'Jongi', '2024-11-16');

--
-- Indexes for dumped tables
--

--
-- Indexes for table `admin`
--
ALTER TABLE `admin`
  ADD PRIMARY KEY (`ADMIN_NUM`);

--
-- Indexes for table `approved_list`
--
ALTER TABLE `approved_list`
  ADD PRIMARY KEY (`LEARNER_NUM`,`BUS_NUM`),
  ADD KEY `LEARNER_NUM` (`LEARNER_NUM`),
  ADD KEY `Bus_NUM` (`BUS_NUM`);

--
-- Indexes for table `bus`
--
ALTER TABLE `bus`
  ADD PRIMARY KEY (`BUS_NUM`);

--
-- Indexes for table `daily_register`
--
ALTER TABLE `daily_register`
  ADD PRIMARY KEY (`TRIP_DATE`,`BUS_NUM`,`LEARNER_NUM`),
  ADD KEY `BUS_NUM` (`BUS_NUM`,`LEARNER_NUM`),
  ADD KEY `LEARNER_NUM` (`LEARNER_NUM`);

--
-- Indexes for table `learner`
--
ALTER TABLE `learner`
  ADD PRIMARY KEY (`LEARNER_NUM`),
  ADD KEY `PARENT_NUM` (`PARENT_NUM`);

--
-- Indexes for table `parent`
--
ALTER TABLE `parent`
  ADD PRIMARY KEY (`PARENT_NUM`);

--
-- Indexes for table `route`
--
ALTER TABLE `route`
  ADD PRIMARY KEY (`M/A_PICK_UP_NUM`),
  ADD KEY `BUS_NUM` (`BUS_NUM`);

--
-- Indexes for table `waiting_list`
--
ALTER TABLE `waiting_list`
  ADD PRIMARY KEY (`WAIT_ID`),
  ADD KEY `BUS_NUM` (`BUS_NUM`,`LEARNER_NUM`),
  ADD KEY `LEARNER_NUM` (`LEARNER_NUM`);

--
-- AUTO_INCREMENT for dumped tables
--

--
-- AUTO_INCREMENT for table `waiting_list`
--
ALTER TABLE `waiting_list`
  MODIFY `WAIT_ID` int(5) NOT NULL AUTO_INCREMENT, AUTO_INCREMENT=35;

--
-- Constraints for dumped tables
--

--
-- Constraints for table `approved_list`
--
ALTER TABLE `approved_list`
  ADD CONSTRAINT `approved_list_ibfk_1` FOREIGN KEY (`LEARNER_NUM`) REFERENCES `learner` (`LEARNER_NUM`) ON DELETE CASCADE,
  ADD CONSTRAINT `approved_list_ibfk_2` FOREIGN KEY (`LEARNER_NUM`) REFERENCES `learner` (`LEARNER_NUM`) ON DELETE CASCADE,
  ADD CONSTRAINT `approved_list_ibfk_3` FOREIGN KEY (`BUS_NUM`) REFERENCES `bus` (`BUS_NUM`);

--
-- Constraints for table `daily_register`
--
ALTER TABLE `daily_register`
  ADD CONSTRAINT `daily_register_ibfk_1` FOREIGN KEY (`BUS_NUM`) REFERENCES `bus` (`BUS_NUM`),
  ADD CONSTRAINT `daily_register_ibfk_2` FOREIGN KEY (`LEARNER_NUM`) REFERENCES `learner` (`LEARNER_NUM`);

--
-- Constraints for table `learner`
--
ALTER TABLE `learner`
  ADD CONSTRAINT `learner_ibfk_1` FOREIGN KEY (`PARENT_NUM`) REFERENCES `parent` (`PARENT_NUM`);

--
-- Constraints for table `route`
--
ALTER TABLE `route`
  ADD CONSTRAINT `route_ibfk_1` FOREIGN KEY (`BUS_NUM`) REFERENCES `bus` (`BUS_NUM`);

--
-- Constraints for table `waiting_list`
--
ALTER TABLE `waiting_list`
  ADD CONSTRAINT `waiting_list_ibfk_1` FOREIGN KEY (`LEARNER_NUM`) REFERENCES `learner` (`LEARNER_NUM`) ON DELETE CASCADE,
  ADD CONSTRAINT `waiting_list_ibfk_2` FOREIGN KEY (`BUS_NUM`) REFERENCES `bus` (`BUS_NUM`) ON DELETE CASCADE;
COMMIT;

/*!40101 SET CHARACTER_SET_CLIENT=@OLD_CHARACTER_SET_CLIENT */;
/*!40101 SET CHARACTER_SET_RESULTS=@OLD_CHARACTER_SET_RESULTS */;
/*!40101 SET COLLATION_CONNECTION=@OLD_COLLATION_CONNECTION */;
